{G6O0-Q5PM75UW-5343BXSP},01/04/2010 07:41:00,EDB0714,PC-6103,Logon
{E3O4-D6QA58TL-5774YNJD},01/04/2010 16:55:00,EDB0714,PC-6103,Logoff
{V7M0-P8IS76TF-5879FAIC},01/05/2010 07:55:00,EDB0714,PC-6103,Logon
{T0W0-S8PI08MM-0419CSQX},01/05/2010 16:35:00,EDB0714,PC-6103,Logoff
{A8P9-T9YN18HM-2593ZSYC},01/06/2010 07:49:00,EDB0714,PC-6103,Logon
{Z4W1-B9HT36EZ-3344HRLH},01/06/2010 16:58:00,EDB0714,PC-6103,Logoff
{U5J1-M8XJ33TZ-7575ULDW},01/07/2010 07:45:00,EDB0714,PC-6103,Logon
{I6G9-C9IC63OA-3279QHOQ},01/07/2010 16:39:00,EDB0714,PC-6103,Logoff
{B6Y7-P1QY28KQ-6227QEGO},01/08/2010 07:51:00,EDB0714,PC-6103,Logon
{R6M5-P5OC00VU-4664FPDV},01/08/2010 16:51:00,EDB0714,PC-6103,Logoff
{D0W5-B6NW31KV-4310XBLL},01/11/2010 07:35:00,EDB0714,PC-6103,Logon
{Q9J9-G7SZ45KT-7741OKEV},01/11/2010 16:52:00,EDB0714,PC-6103,Logoff
{G6Z4-V6YU77DS-1600CRTB},01/12/2010 07:45:00,EDB0714,PC-6103,Logon
{A6C3-E4KO81FQ-0423MPVL},01/12/2010 16:39:00,EDB0714,PC-6103,Logoff
{E6O5-L3BI65HE-6451WVAX},01/13/2010 07:52:00,EDB0714,PC-6103,Logon
{E6O4-R2SG80PR-7638UIEM},01/13/2010 16:45:00,EDB0714,PC-6103,Logoff
{U6D5-O1EN75JY-2436FMIE},01/14/2010 07:33:00,EDB0714,PC-6103,Logon
{S7U0-B5WU03NZ-4255VMOF},01/14/2010 17:00:00,EDB0714,PC-6103,Logoff
{C4X9-J9WY37DU-6098OOTD},01/15/2010 07:53:00,EDB0714,PC-6103,Logon
{A0M6-Z2QL45NA-5284KWES},01/15/2010 16:43:00,EDB0714,PC-6103,Logoff
{W8N8-Z3DQ47HL-5358RRTL},01/18/2010 07:52:00,EDB0714,PC-6103,Logon
{K0P6-S2FT41IM-0220QYCD},01/18/2010 16:48:00,EDB0714,PC-6103,Logoff
{Y4B8-R0XL28UL-2639MDPH},01/19/2010 07:43:00,EDB0714,PC-6103,Logon
{D6H5-I8VQ84HH-4824UJRR},01/19/2010 16:46:00,EDB0714,PC-6103,Logoff
{Q6L3-G7BV73IM-0562UHVI},01/20/2010 07:42:00,EDB0714,PC-6103,Logon
{G9A1-R2OM61SG-6951QRGB},01/20/2010 16:57:00,EDB0714,PC-6103,Logoff
{T5H7-E2MJ46WE-5514QHCG},01/21/2010 07:55:00,EDB0714,PC-6103,Logon
{X1G8-G5NB93EM-4559HYNI},01/21/2010 16:35:00,EDB0714,PC-6103,Logoff
{S9U7-B3NB31DA-4911UUCR},01/22/2010 07:31:00,EDB0714,PC-6103,Logon
{N2T3-G6XC72MR-4690EFOR},01/22/2010 16:56:00,EDB0714,PC-6103,Logoff
{Z9H0-N1ZP79MQ-1737VOFR},01/25/2010 07:32:00,EDB0714,PC-6103,Logon
{N6X0-Z9MS92TT-9007PZZQ},01/25/2010 16:56:00,EDB0714,PC-6103,Logoff
{I6U8-T8KD69HZ-6372GSOD},01/26/2010 07:55:00,EDB0714,PC-6103,Logon
{X0W2-G3OK84VQ-5124AJAX},01/26/2010 16:36:00,EDB0714,PC-6103,Logoff
{S2S4-J5VJ51IL-3415XNWM},01/27/2010 07:34:00,EDB0714,PC-6103,Logon
{S3L6-P4BB78AK-6873GSZF},01/27/2010 16:49:00,EDB0714,PC-6103,Logoff
{X5C7-M5RD55EQ-9374VGSK},01/28/2010 07:36:00,EDB0714,PC-6103,Logon
{M6M5-S6CM17TQ-0826IAFF},01/28/2010 16:39:00,EDB0714,PC-6103,Logoff
{P4F1-M9ZJ59CQ-0730UAJR},01/29/2010 07:55:00,EDB0714,PC-6103,Logon
{Q3N0-S3CS53GI-4918CYZB},01/29/2010 16:36:00,EDB0714,PC-6103,Logoff
{F8E4-C3DT30KY-1258QVZH},02/01/2010 07:52:00,EDB0714,PC-6103,Logon
{A8D5-K9AJ58SM-9178SCAI},02/01/2010 16:37:00,EDB0714,PC-6103,Logoff
{P6T9-W6FI72XP-7398YVLQ},02/02/2010 07:51:00,EDB0714,PC-6103,Logon
{D2Y9-R6WT16DD-9032PEHV},02/02/2010 16:42:00,EDB0714,PC-6103,Logoff
{C1V9-E3JW13BS-6372VBKD},02/03/2010 07:52:00,EDB0714,PC-6103,Logon
{G4V1-F2ZJ03IT-2384MASW},02/03/2010 16:43:00,EDB0714,PC-6103,Logoff
{Z9L8-H7MJ37CF-1918GLZY},02/04/2010 07:50:00,EDB0714,PC-6103,Logon
{R3M9-M8KO10RF-4246QISA},02/04/2010 16:36:00,EDB0714,PC-6103,Logoff
{V4Z5-P8ID35NJ-9124VSVN},02/05/2010 07:32:00,EDB0714,PC-6103,Logon
{C7P5-C1FI93IY-5544WOGZ},02/05/2010 16:37:00,EDB0714,PC-6103,Logoff
{X7V2-T3HW09NQ-8210OIYJ},02/08/2010 07:33:00,EDB0714,PC-6103,Logon
{O7U7-H4WR80GB-9460GFLY},02/08/2010 16:52:00,EDB0714,PC-6103,Logoff
{S9A8-W0NU65RZ-6347AAYI},02/09/2010 07:50:00,EDB0714,PC-6103,Logon
{W2Y1-W5KC54TX-2608LWBJ},02/09/2010 16:41:00,EDB0714,PC-6103,Logoff
{F4N6-X8XE89SQ-6043CEAY},02/10/2010 07:52:00,EDB0714,PC-6103,Logon
{Q8Z3-K5NQ72CY-9094RGOT},02/10/2010 16:37:00,EDB0714,PC-6103,Logoff
{Y7L7-D8ZP95JM-4532GJGR},02/11/2010 07:34:00,EDB0714,PC-6103,Logon
{U5K9-O7OX21PY-1212NQHE},02/11/2010 16:38:00,EDB0714,PC-6103,Logoff
{Y5S3-C0UM51ZA-7246SKED},02/12/2010 07:47:00,EDB0714,PC-6103,Logon
{E8G9-C6XY75ZQ-9400NXAT},02/12/2010 16:38:00,EDB0714,PC-6103,Logoff
{G1K3-W2RD72VL-4569UHUR},02/15/2010 07:43:00,EDB0714,PC-6103,Logon
{W0K1-R0WI52CK-0358ZDUP},02/15/2010 16:59:00,EDB0714,PC-6103,Logoff
{T7G7-B3FW37GP-5030CIIU},02/16/2010 07:47:00,EDB0714,PC-6103,Logon
{R5G1-K0PG03DJ-2345WDCH},02/16/2010 16:38:00,EDB0714,PC-6103,Logoff
{S2D0-X3MY26AS-9905YSNU},02/17/2010 07:37:00,EDB0714,PC-6103,Logon
{R1E2-Y6SR51ZW-0401FBVP},02/17/2010 16:51:00,EDB0714,PC-6103,Logoff
{D7F0-P5SJ26OC-8404KOPI},02/18/2010 07:40:00,EDB0714,PC-6103,Logon
{T2T2-M1HX01DH-0666UMFD},02/18/2010 17:00:00,EDB0714,PC-6103,Logoff
{L4U7-E2KM50UV-6368IIYL},02/19/2010 07:33:00,EDB0714,PC-6103,Logon
{J0H0-R8KS81CY-9766BCIU},02/19/2010 16:48:00,EDB0714,PC-6103,Logoff
{N1F6-Q6IW01NZ-4394JWGL},02/22/2010 07:40:00,EDB0714,PC-6103,Logon
{W5T3-M1QF54AE-8109QUBR},02/22/2010 16:50:00,EDB0714,PC-6103,Logoff
{E8U1-J4OV40AX-3281TQGW},02/23/2010 07:39:00,EDB0714,PC-6103,Logon
{J7U2-U9FJ00DX-2974OEVD},02/23/2010 16:43:00,EDB0714,PC-6103,Logoff
{M8A8-F7YU07XH-8160NUJJ},02/24/2010 07:45:00,EDB0714,PC-6103,Logon
{D0G8-Y7DP91VS-5692LCGT},02/24/2010 16:42:00,EDB0714,PC-6103,Logoff
{O2K6-W4QN03AM-6431YQGZ},02/25/2010 07:54:00,EDB0714,PC-6103,Logon
{E1L3-S5VT98KD-0375QFSC},02/25/2010 16:42:00,EDB0714,PC-6103,Logoff
{L0K2-M0DK01IU-1339PFNM},02/26/2010 07:40:00,EDB0714,PC-6103,Logon
{P8T2-Y4XD05WG-4728SGDO},02/26/2010 16:55:00,EDB0714,PC-6103,Logoff
{L8A3-E6XK58ZK-8211NERP},03/01/2010 07:31:00,EDB0714,PC-6103,Logon
{T1K4-M1ZB71JY-7826PNKQ},03/01/2010 16:59:00,EDB0714,PC-6103,Logoff
{D3F8-Y5ZN13DB-6835YCBS},03/02/2010 07:49:00,EDB0714,PC-6103,Logon
{O7O9-S9GX82FE-6831BPSB},03/02/2010 16:50:00,EDB0714,PC-6103,Logoff
{O5I9-Z6HG38AV-2055XWUP},03/03/2010 07:45:00,EDB0714,PC-6103,Logon
{I6Z3-P3HG33PP-6930ZXZO},03/03/2010 16:45:00,EDB0714,PC-6103,Logoff
{U9B4-P4ZK92KO-4958WKKN},03/04/2010 07:34:00,EDB0714,PC-6103,Logon
{D4H0-E4VI77SH-9378FGRD},03/04/2010 16:47:00,EDB0714,PC-6103,Logoff
{Q6J9-Y5KB49PE-6687QAAS},03/05/2010 07:55:00,EDB0714,PC-6103,Logon
{L8G1-M8KN34HZ-2796TFZS},03/05/2010 16:40:00,EDB0714,PC-6103,Logoff
{A8Q9-A2MB79PE-1960BYLD},03/08/2010 07:53:00,EDB0714,PC-6103,Logon
{V5N8-A7ZE36HH-1007LMKJ},03/08/2010 16:43:00,EDB0714,PC-6103,Logoff
{P2C9-A8BK79GU-9894ACTI},03/09/2010 07:33:00,EDB0714,PC-6103,Logon
{L5C3-C0SV96YN-8751SMEN},03/09/2010 16:59:00,EDB0714,PC-6103,Logoff
{W7A5-R5QP77QH-8179HYPS},03/10/2010 07:33:00,EDB0714,PC-6103,Logon
{J4S0-O3DM42QV-3987DDMU},03/10/2010 16:57:00,EDB0714,PC-6103,Logoff
{I0M3-D3KS29OK-6579NGOF},03/11/2010 07:54:00,EDB0714,PC-6103,Logon
{Y5F1-P5MQ19EE-5386AZOO},03/11/2010 16:36:00,EDB0714,PC-6103,Logoff
{E2N7-S1DO40GX-1334MGXV},03/12/2010 07:35:00,EDB0714,PC-6103,Logon
{P1C8-L3YZ61AJ-1683FNBN},03/12/2010 16:52:00,EDB0714,PC-6103,Logoff
{F1B4-D6AE73WO-8009WMGV},03/15/2010 07:42:00,EDB0714,PC-6103,Logon
{Y7K0-W1BP81EL-3273LPST},03/15/2010 16:51:00,EDB0714,PC-6103,Logoff
{T2K7-Z8QW27MW-3047TMJM},03/16/2010 07:53:00,EDB0714,PC-6103,Logon
{X7O5-F4KU04BZ-2948EYAK},03/16/2010 16:37:00,EDB0714,PC-6103,Logoff
{P4M5-F3CE34LI-4812SJLP},03/17/2010 07:47:00,EDB0714,PC-6103,Logon
{A3H9-K8GU73WS-9828GZCT},03/17/2010 16:51:00,EDB0714,PC-6103,Logoff
{V7D8-E6BT00DT-8203BWEW},03/18/2010 07:32:00,EDB0714,PC-6103,Logon
{P4E9-X2VT06VY-9075HLIV},03/18/2010 16:51:00,EDB0714,PC-6103,Logoff
{L9I3-B5TE19EP-1630QBPY},03/19/2010 07:49:00,EDB0714,PC-6103,Logon
{G9H8-W9BP21YN-4977TCNQ},03/19/2010 16:35:00,EDB0714,PC-6103,Logoff
{U3B9-K6WY89SA-3068RJWE},03/22/2010 07:37:00,EDB0714,PC-6103,Logon
{L0R9-O4AJ11BR-4616BKNI},03/22/2010 16:59:00,EDB0714,PC-6103,Logoff
{Q6N1-P7BE77JG-2087BDWU},03/23/2010 07:32:00,EDB0714,PC-6103,Logon
{J4R2-T9QX55EA-1693PTDW},03/23/2010 16:40:00,EDB0714,PC-6103,Logoff
{N7M9-A5MA88KU-7015AMCG},03/24/2010 07:45:00,EDB0714,PC-6103,Logon
{W2W2-C9VK63PM-7514VYCM},03/24/2010 16:58:00,EDB0714,PC-6103,Logoff
{Y0R2-P9LX40LB-3138SDDX},03/25/2010 07:50:00,EDB0714,PC-6103,Logon
{F4G0-Y0NU49GO-8111QDXZ},03/25/2010 16:39:00,EDB0714,PC-6103,Logoff
{O6G7-C2UU52KE-8549SAFN},03/26/2010 07:30:00,EDB0714,PC-6103,Logon
{H2H1-R1TZ69BL-6802YSAQ},03/26/2010 16:45:00,EDB0714,PC-6103,Logoff
{U2F8-I9BB31QR-6442SNSQ},03/29/2010 07:37:00,EDB0714,PC-6103,Logon
{T6B3-U2VT12ZZ-1358RZXY},03/29/2010 16:55:00,EDB0714,PC-6103,Logoff
{L5A7-F4KF92PU-7254BYEQ},03/30/2010 07:34:00,EDB0714,PC-6103,Logon
{K7S8-B7SL12AD-4283VLQZ},03/30/2010 16:40:00,EDB0714,PC-6103,Logoff
{X4D4-N7TO25VH-6435WMWC},03/31/2010 07:49:00,EDB0714,PC-6103,Logon
{N9G0-P8NY89VL-0223IDWP},03/31/2010 16:50:00,EDB0714,PC-6103,Logoff
{S1E3-E4AO57GB-0464KLZA},04/01/2010 07:37:00,EDB0714,PC-6103,Logon
{P9J1-G6FD60QZ-4007PZLX},04/01/2010 16:57:00,EDB0714,PC-6103,Logoff
{C2B0-P5LU14PE-9782TKSE},04/05/2010 07:32:00,EDB0714,PC-6103,Logon
{I3U2-N2TD73WL-1186KWWX},04/05/2010 16:52:00,EDB0714,PC-6103,Logoff
{G0S9-K6ES88PI-5020GOJE},04/06/2010 07:40:00,EDB0714,PC-6103,Logon
{W3E5-U2HX85DZ-1271RDIQ},04/06/2010 16:48:00,EDB0714,PC-6103,Logoff
{P2M4-X0JW97JE-2160AMQQ},04/07/2010 07:42:00,EDB0714,PC-6103,Logon
{G2L6-I6JR73YA-9619WCED},04/07/2010 16:49:00,EDB0714,PC-6103,Logoff
{U4Z5-Y6BW70HL-5182KEUY},04/08/2010 07:49:00,EDB0714,PC-6103,Logon
{Q4G4-B2IS58CJ-2034PJGA},04/08/2010 16:45:00,EDB0714,PC-6103,Logoff
{W6K7-M0AP87OC-7019YQVJ},04/09/2010 07:50:00,EDB0714,PC-6103,Logon
{J3C4-L1ZM84XP-3783MVQC},04/09/2010 16:35:00,EDB0714,PC-6103,Logoff
{Q3F5-N0PQ92EK-2076TTFC},04/12/2010 07:41:00,EDB0714,PC-6103,Logon
{W2C2-K4JL86NQ-3008DDFL},04/12/2010 16:45:00,EDB0714,PC-6103,Logoff
{P4T5-D4WF01WN-9495DNNK},04/13/2010 07:34:00,EDB0714,PC-6103,Logon
{V2G7-G4TI34PU-9765XOGW},04/13/2010 16:55:00,EDB0714,PC-6103,Logoff
{B7B4-S3BE18XY-9674JTFI},04/14/2010 07:41:00,EDB0714,PC-6103,Logon
{H3E4-B1LI29PV-5367ULLV},04/14/2010 17:00:00,EDB0714,PC-6103,Logoff
{O2P9-U8WW65YP-2639SYGO},04/15/2010 07:45:00,EDB0714,PC-6103,Logon
{Y4D4-S6KW42TL-7878BALI},04/15/2010 16:35:00,EDB0714,PC-6103,Logoff
{L7E2-N4SJ76JL-4498VOKQ},04/16/2010 07:43:00,EDB0714,PC-6103,Logon
{O4G3-O5WY51FZ-5876ROST},04/16/2010 16:53:00,EDB0714,PC-6103,Logoff
{H2C8-E2CU99ID-2591SSBJ},04/19/2010 07:44:00,EDB0714,PC-6103,Logon
{F1U6-B9ZV41IV-1528UNLA},04/19/2010 16:49:00,EDB0714,PC-6103,Logoff
{G7E2-Z0AA47UL-3409JUJL},04/20/2010 07:45:00,EDB0714,PC-6103,Logon
{J3J5-R9ZL80TN-7636CINK},04/20/2010 16:38:00,EDB0714,PC-6103,Logoff
{E1G5-S8OL37TL-6823UIGM},04/21/2010 07:55:00,EDB0714,PC-6103,Logon
{F4M5-C3DA18OX-1623RJNT},04/21/2010 16:45:00,EDB0714,PC-6103,Logoff
{I6A0-M4YQ60IQ-3199TFXY},04/22/2010 07:55:00,EDB0714,PC-6103,Logon
{Z6E7-R5KR93DM-0282JRAV},04/22/2010 16:41:00,EDB0714,PC-6103,Logoff
{E9T1-B6XK31TH-6643PFAA},04/23/2010 07:49:00,EDB0714,PC-6103,Logon
{Y5X7-M7NJ18HJ-4068PRBF},04/23/2010 16:36:00,EDB0714,PC-6103,Logoff
{B5L3-X3LI02RL-6642BRDM},04/26/2010 07:40:00,EDB0714,PC-6103,Logon
{Y3V6-O4TZ11EU-3095ZRJR},04/26/2010 16:38:00,EDB0714,PC-6103,Logoff
{E6O2-L3HM47ER-4051YVAN},04/27/2010 07:35:00,EDB0714,PC-6103,Logon
{H9E7-D3VY61UV-7455NCEJ},04/27/2010 16:50:00,EDB0714,PC-6103,Logoff
{L1O6-J2QQ09FN-7583RVUV},04/28/2010 07:37:00,EDB0714,PC-6103,Logon
{U9I7-S5DU51YW-3951CBZR},04/28/2010 16:37:00,EDB0714,PC-6103,Logoff
{K8M9-K0TI45HP-1469IDEH},04/29/2010 07:51:00,EDB0714,PC-6103,Logon
{X7L2-G1ZM20ZK-6536GTZH},04/29/2010 16:37:00,EDB0714,PC-6103,Logoff
{H0I3-V6PQ94QR-0754WWJQ},04/30/2010 07:45:00,EDB0714,PC-6103,Logon
{U7U3-V8BI46YO-7604LCYF},04/30/2010 16:46:00,EDB0714,PC-6103,Logoff
{J3S3-I4CS31TK-3431CNLZ},05/03/2010 07:48:00,EDB0714,PC-6103,Logon
{E1Q0-I9EK56QK-6226XIIP},05/03/2010 16:43:00,EDB0714,PC-6103,Logoff
{H8Z7-Q1KH45KH-6452GTZP},05/04/2010 07:37:00,EDB0714,PC-6103,Logon
{P1Z5-I9DX12UW-4253XQAT},05/04/2010 16:39:00,EDB0714,PC-6103,Logoff
{A4B1-T9DX80PO-7680HHQL},05/05/2010 07:45:00,EDB0714,PC-6103,Logon
{A4N7-Y2GA91PQ-3236EQLY},05/05/2010 16:39:00,EDB0714,PC-6103,Logoff
{D8R7-D8KH05MS-9469FPTG},05/06/2010 07:50:00,EDB0714,PC-6103,Logon
{K0T9-Y7SW66MA-3335IQGY},05/06/2010 16:42:00,EDB0714,PC-6103,Logoff
{G8O3-X7RB10KR-4618FLUT},05/07/2010 07:40:00,EDB0714,PC-6103,Logon
{P3V0-N0XJ06WD-5689IMJY},05/07/2010 16:39:00,EDB0714,PC-6103,Logoff
{T4C6-Y7OG86LA-8800NXWC},05/10/2010 07:48:00,EDB0714,PC-6103,Logon
{R4Y4-O9TB68RB-0921YDCM},05/10/2010 16:45:00,EDB0714,PC-6103,Logoff
{S1E6-M3DK20QI-6293BKAS},05/11/2010 07:42:00,EDB0714,PC-6103,Logon
{E3Z7-W3WE27SD-5128MQRS},05/11/2010 16:48:00,EDB0714,PC-6103,Logoff
{R0T5-E0HS80OH-9521NLNK},05/12/2010 07:45:00,EDB0714,PC-6103,Logon
{U7Z7-Q3ZH84WT-7002HPRF},05/12/2010 16:52:00,EDB0714,PC-6103,Logoff
{V6Y9-Z3PX14LP-5632XUWT},05/13/2010 07:37:00,EDB0714,PC-6103,Logon
{F2T7-W5VB86KL-1844KJCO},05/13/2010 16:52:00,EDB0714,PC-6103,Logoff
{F4M4-P2UK45KD-9999UMGZ},05/14/2010 07:38:00,EDB0714,PC-6103,Logon
{W5T8-Q3WH15KX-0829LYIQ},05/14/2010 16:53:00,EDB0714,PC-6103,Logoff
{C2W0-V8ZO68JU-0006WBXJ},05/17/2010 07:36:00,EDB0714,PC-6103,Logon
{O6Z0-Q2LE57PP-6853PVFN},05/17/2010 16:38:00,EDB0714,PC-6103,Logoff
{Q0L0-D0PO40HF-8497MYPS},05/18/2010 07:38:00,EDB0714,PC-6103,Logon
{W0I8-I3YZ44LR-0564VEEC},05/18/2010 16:50:00,EDB0714,PC-6103,Logoff
{L6M1-J0CE85RO-2127LDXN},05/19/2010 07:33:00,EDB0714,PC-6103,Logon
{I7A8-X3TP44FK-3102NVQG},05/19/2010 16:38:00,EDB0714,PC-6103,Logoff
{Z6E9-P0EQ95YY-9197VTUL},05/20/2010 07:38:00,EDB0714,PC-6103,Logon
{O2W7-N8UT97AM-1814TRQA},05/20/2010 16:58:00,EDB0714,PC-6103,Logoff
{T0G3-U8PY70ZX-8477GYYY},05/21/2010 07:35:00,EDB0714,PC-6103,Logon
{N5T0-O3BS91HB-5605AGCV},05/21/2010 16:53:00,EDB0714,PC-6103,Logoff
{V5L8-I2HH67JD-1154ELEM},05/24/2010 07:33:00,EDB0714,PC-6103,Logon
{C5F9-A2UJ79SG-5228CWRX},05/24/2010 17:00:00,EDB0714,PC-6103,Logoff
{O5W5-E2CI32OG-9606UYOU},05/25/2010 07:50:00,EDB0714,PC-6103,Logon
{Y9M4-P8BE97DT-2571JOOW},05/25/2010 16:37:00,EDB0714,PC-6103,Logoff
{I2P1-J1HY65GL-9573LTJE},05/26/2010 07:52:00,EDB0714,PC-6103,Logon
{Y4H7-B1TR41AE-8151DTEF},05/26/2010 16:38:00,EDB0714,PC-6103,Logoff
{W9K0-V6NQ48NH-3496VCEI},05/27/2010 07:41:00,EDB0714,PC-6103,Logon
{F4E8-W4AK05NQ-1001GXEX},05/27/2010 16:58:00,EDB0714,PC-6103,Logoff
{I2A6-P3OQ99ET-2986EOCN},05/28/2010 07:31:00,EDB0714,PC-6103,Logon
{U4Q0-M6HX55ZG-6954OWYD},05/28/2010 16:47:00,EDB0714,PC-6103,Logoff
{N7Y9-D3ST16OA-8982XIQK},06/01/2010 07:43:00,EDB0714,PC-6103,Logon
{F0Q4-G2VH01CL-9914EWOR},06/01/2010 16:56:00,EDB0714,PC-6103,Logoff
{S4O6-L6WP36UV-0379NWXQ},06/02/2010 07:34:00,EDB0714,PC-6103,Logon
{P4X1-L9CJ18AX-2278LXEO},06/02/2010 16:49:00,EDB0714,PC-6103,Logoff
{T5Y1-Q1HU76CS-0566YOMG},06/03/2010 07:38:00,EDB0714,PC-6103,Logon
{Q6L7-Z5WB39YM-1754UDCG},06/03/2010 16:56:00,EDB0714,PC-6103,Logoff
{E5A4-L1MB24GK-4199APSK},06/04/2010 07:35:00,EDB0714,PC-6103,Logon
{X6I4-W6QO82RM-2175WFXV},06/04/2010 16:47:00,EDB0714,PC-6103,Logoff
{E0D1-S2RO56UD-1046DLJG},06/07/2010 07:32:00,EDB0714,PC-6103,Logon
{C6V9-J9UU50AZ-4487JBSW},06/07/2010 16:53:00,EDB0714,PC-6103,Logoff
{C6I8-V1UT35PJ-9953LCDG},06/08/2010 07:52:00,EDB0714,PC-6103,Logon
{M3J1-X7EQ81UY-9234CIOK},06/08/2010 16:42:00,EDB0714,PC-6103,Logoff
{T3D1-I1BY71HX-2326BVCL},06/09/2010 07:32:00,EDB0714,PC-6103,Logon
{H0Y0-T5NU04PM-2619BCUB},06/09/2010 16:45:00,EDB0714,PC-6103,Logoff
{J5Y5-K6SK29BZ-8355MJUF},06/10/2010 07:31:00,EDB0714,PC-6103,Logon
{G4H4-T6WO88WQ-7584HRHI},06/10/2010 16:45:00,EDB0714,PC-6103,Logoff
{U1Q3-B6YZ83TS-6431TMND},06/11/2010 07:32:00,EDB0714,PC-6103,Logon
{S6T5-C7LA02YX-0754GAAS},06/11/2010 16:51:00,EDB0714,PC-6103,Logoff
{G3J5-T5MS64HO-6011MPAU},06/14/2010 07:30:00,EDB0714,PC-6103,Logon
{J6P1-O5KC23QX-3292ZGWA},06/14/2010 16:43:00,EDB0714,PC-6103,Logoff
{P8A4-N5GM19NN-3991ZKRB},06/15/2010 07:41:00,EDB0714,PC-6103,Logon
{Q7W7-C0GN47JK-0269AEYA},06/15/2010 16:37:00,EDB0714,PC-6103,Logoff
{H8X3-E9RF25IA-8511UCTP},06/16/2010 07:55:00,EDB0714,PC-6103,Logon
{T3A1-T2YD53SQ-6631NHQL},06/16/2010 16:39:00,EDB0714,PC-6103,Logoff
{E3M0-Z0MW48AN-6262RZMW},06/17/2010 07:48:00,EDB0714,PC-6103,Logon
{J1S8-E1MU68JE-9008JJSO},06/17/2010 16:38:00,EDB0714,PC-6103,Logoff
{K4O1-D6EP97JN-5411IQXA},06/18/2010 07:54:00,EDB0714,PC-6103,Logon
{Y1M2-V4GL68MT-5970TLMH},06/18/2010 16:35:00,EDB0714,PC-6103,Logoff
{C3Y1-C0CM68KR-9672KTCJ},06/21/2010 07:44:00,EDB0714,PC-6103,Logon
{L9H9-M5RM71QN-4702SDXQ},06/21/2010 16:56:00,EDB0714,PC-6103,Logoff
{L5Q3-W3QI30KM-0414MAWO},06/22/2010 07:34:00,EDB0714,PC-6103,Logon
{U7C2-J2KD52FN-4002LHGS},06/22/2010 16:53:00,EDB0714,PC-6103,Logoff
{M5O7-Y0IS35BG-4133ZMWG},06/23/2010 07:48:00,EDB0714,PC-6103,Logon
{J5N1-R1NJ86TO-0084WYDU},06/23/2010 16:47:00,EDB0714,PC-6103,Logoff
{R5T5-V6LD32LO-9625VGFC},06/24/2010 07:49:00,EDB0714,PC-6103,Logon
{U3T5-B2ZH58JX-4777WVTQ},06/24/2010 16:35:00,EDB0714,PC-6103,Logoff
{C6Q6-P6LN15RD-1095SVLG},06/25/2010 07:37:00,EDB0714,PC-6103,Logon
{H6B4-N7GX72JU-2147QZCP},06/25/2010 16:45:00,EDB0714,PC-6103,Logoff
{T8U9-L2IZ73TV-3334KVTT},06/28/2010 07:41:00,EDB0714,PC-6103,Logon
{O9A8-J5KV78AX-0066ULDG},06/28/2010 16:52:00,EDB0714,PC-6103,Logoff
{B1I2-I9ZB17BQ-0221NNSB},06/29/2010 07:51:00,EDB0714,PC-6103,Logon
{N6M7-R2XR63YI-0926ORRH},06/29/2010 16:40:00,EDB0714,PC-6103,Logoff
{O2Q4-P4DH90KU-3090JQAW},06/30/2010 07:48:00,EDB0714,PC-6103,Logon
{S4E9-P6IE33SW-5993RXGX},06/30/2010 16:43:00,EDB0714,PC-6103,Logoff
{I4U5-L3EL85KR-4326YXSZ},07/01/2010 07:36:00,EDB0714,PC-6103,Logon
{X0E3-F2PT70JT-5173ORIH},07/01/2010 16:48:00,EDB0714,PC-6103,Logoff
{D5Q1-G2ZG60MX-5254UASF},07/02/2010 07:44:00,EDB0714,PC-6103,Logon
{C7N4-A2EE50KI-4046WZNU},07/02/2010 16:47:00,EDB0714,PC-6103,Logoff
{B0Y0-K2AZ89SN-7515ZBIN},07/06/2010 07:41:00,EDB0714,PC-6103,Logon
{A7W5-H0SJ56WC-9937RDDV},07/06/2010 16:53:00,EDB0714,PC-6103,Logoff
{X8K0-Q4TH39ST-2710AJHX},07/07/2010 07:50:00,EDB0714,PC-6103,Logon
{Q2Q4-W9XT12TG-0297XVII},07/07/2010 16:44:00,EDB0714,PC-6103,Logoff
{O7T4-F8XA56QR-3926MAEC},07/08/2010 07:34:00,EDB0714,PC-6103,Logon
{F6R6-G4XA19VQ-3510TBIC},07/08/2010 16:35:00,EDB0714,PC-6103,Logoff
{M7G2-T9TM98TI-1066GJNA},07/09/2010 07:47:00,EDB0714,PC-6103,Logon
{B6E9-D0UJ70WX-1289KOIU},07/09/2010 16:35:00,EDB0714,PC-6103,Logoff
{V4E0-R8CN65YK-1574DOTK},07/12/2010 07:46:00,EDB0714,PC-6103,Logon
{I7J6-I2OD24LI-5521JEIO},07/12/2010 16:39:00,EDB0714,PC-6103,Logoff
{E5S8-L5XY26WF-6294YTYH},07/13/2010 07:52:00,EDB0714,PC-6103,Logon
{O9D3-M5JZ62LK-9092IAVZ},07/13/2010 16:37:00,EDB0714,PC-6103,Logoff
{R9I6-T7IC05AL-6772IMTJ},07/14/2010 07:50:00,EDB0714,PC-6103,Logon
{A4C6-R3VH85PZ-7132KZYL},07/14/2010 16:59:00,EDB0714,PC-6103,Logoff
{T1S5-M8FS37UC-4772JXBW},07/15/2010 07:52:00,EDB0714,PC-6103,Logon
{O7E3-T5RT33FX-6657JIUY},07/15/2010 16:52:00,EDB0714,PC-6103,Logoff
{B3Q8-J7KF26JZ-2984CBZD},07/16/2010 07:48:00,EDB0714,PC-6103,Logon
{V8I6-X6WS46NX-3301YJYR},07/16/2010 16:55:00,EDB0714,PC-6103,Logoff
{A1J5-E0HC40VC-2442DHTC},07/19/2010 07:52:00,EDB0714,PC-6103,Logon
{P1Z7-G3HT51BG-7372RFLZ},07/19/2010 16:42:00,EDB0714,PC-6103,Logoff
{R7N5-U5AB47BR-4718EIEQ},07/20/2010 07:43:00,EDB0714,PC-6103,Logon
{Y6F5-U4CQ74JI-6280IGPL},07/20/2010 16:53:00,EDB0714,PC-6103,Logoff
{H1S9-W2PV48TH-9625SPNH},07/21/2010 07:42:00,EDB0714,PC-6103,Logon
{L8Z5-T3UU45FO-1137MMVI},07/21/2010 16:42:00,EDB0714,PC-6103,Logoff
{D7Q1-D3AY49RZ-6226HXVU},07/22/2010 07:31:00,EDB0714,PC-6103,Logon
{I6X1-B6UN00CP-5234EICW},07/22/2010 16:55:00,EDB0714,PC-6103,Logoff
{B4Y4-U9ML80HE-5124RSLC},07/23/2010 07:51:00,EDB0714,PC-6103,Logon
{V7Q0-N2JD70MR-0088HLJH},07/23/2010 16:49:00,EDB0714,PC-6103,Logoff
{R9N0-J7DF09EH-3559CMGE},07/26/2010 07:55:00,EDB0714,PC-6103,Logon
{F1B4-A8CC26VE-4674HSXK},07/26/2010 16:37:00,EDB0714,PC-6103,Logoff
{G1W0-H1RC16TQ-7836NMQN},07/27/2010 07:52:00,EDB0714,PC-6103,Logon
{X5I7-D8CA67JM-3296SDNQ},07/27/2010 16:41:00,EDB0714,PC-6103,Logoff
{B0B4-F9FA04EZ-9292EWPA},07/28/2010 07:49:00,EDB0714,PC-6103,Logon
{T9B8-N5GU87BT-9265SRYQ},07/28/2010 16:38:00,EDB0714,PC-6103,Logoff
{S3F6-V9WY51WS-5689BUYI},07/29/2010 07:32:00,EDB0714,PC-6103,Logon
{E4D0-I8IW00NE-7187WTXT},07/29/2010 16:37:00,EDB0714,PC-6103,Logoff
{T0Y1-N7YU24EN-1428EJTL},07/30/2010 07:55:00,EDB0714,PC-6103,Logon
{Z8B1-I6ZL65XD-6619UJLY},07/30/2010 16:35:00,EDB0714,PC-6103,Logoff
{I0R0-U8QV60WD-1120MUQS},08/02/2010 07:46:00,EDB0714,PC-6103,Logon
{R9Z0-W1QP34TV-5145NDCY},08/02/2010 16:53:00,EDB0714,PC-6103,Logoff
{W2K7-U9OY38XT-0978SFMO},08/03/2010 07:38:00,EDB0714,PC-6103,Logon
{E5K6-T2WZ69FL-3201XRWM},08/03/2010 16:39:00,EDB0714,PC-6103,Logoff
{X9U3-L9SE57QO-2662DXZY},08/04/2010 07:33:00,EDB0714,PC-6103,Logon
{Z7I0-R2TZ10PG-6919NBBW},08/04/2010 16:51:00,EDB0714,PC-6103,Logoff
{H4K6-O9FF14MO-0567GORB},08/05/2010 07:51:00,EDB0714,PC-6103,Logon
{P5T9-U5DB04QS-4422RJQQ},08/05/2010 16:40:00,EDB0714,PC-6103,Logoff
{X1L4-G4LC63ZA-4704JJJI},08/06/2010 07:47:00,EDB0714,PC-6103,Logon
{S5E3-J1WL64CW-0452ESHS},08/06/2010 16:41:00,EDB0714,PC-6103,Logoff
{T1N3-A6ID70TG-9851CZYU},08/09/2010 07:36:00,EDB0714,PC-6103,Logon
{Z3T1-F5TB34UJ-6608DCCY},08/09/2010 16:36:00,EDB0714,PC-6103,Logoff
{A2E9-T0JZ84XJ-1335BBOH},08/10/2010 07:55:00,EDB0714,PC-6103,Logon
{L0I4-U8QM58NT-3482KHON},08/10/2010 16:42:00,EDB0714,PC-6103,Logoff
{N1U4-J8YG82RW-9479WQSS},08/11/2010 07:42:00,EDB0714,PC-6103,Logon
{K6T5-W5WD96NL-8142RPXA},08/11/2010 16:38:00,EDB0714,PC-6103,Logoff
{Z8U3-M9HU53DX-8430MMDO},08/12/2010 07:30:00,EDB0714,PC-6103,Logon
{P1L2-D1VB29AL-5764FNHR},08/12/2010 16:59:00,EDB0714,PC-6103,Logoff
{R7Z4-R9QH04EI-9480BYPB},08/13/2010 07:55:00,EDB0714,PC-6103,Logon
{J6I9-P8HL99MC-0445KLYF},08/13/2010 16:39:00,EDB0714,PC-6103,Logoff
{K1B4-O5MH14UX-1977KINV},08/16/2010 07:51:00,EDB0714,PC-6103,Logon
{Z7W2-V9UD36BG-2408CQVP},08/16/2010 16:52:00,EDB0714,PC-6103,Logoff
{N0O9-Y3AI95WX-1551DJUU},08/17/2010 07:54:00,EDB0714,PC-6103,Logon
{E3B5-N0BE55ZO-8970OVWH},08/17/2010 16:45:00,EDB0714,PC-6103,Logoff
{O2Z7-Q5QJ17HS-9573NIMM},08/18/2010 07:33:00,EDB0714,PC-6103,Logon
{L4C9-E3BU13SU-8462PNBS},08/18/2010 16:55:00,EDB0714,PC-6103,Logoff
{Q7K4-H1KU12SZ-3040JGDB},08/19/2010 07:39:00,EDB0714,PC-6103,Logon
{J8L0-D2JI10LE-9845AXDY},08/19/2010 16:49:00,EDB0714,PC-6103,Logoff
{Z9F7-J3IF57EY-1802NLXW},08/20/2010 07:54:00,EDB0714,PC-6103,Logon
{X0R9-U8PM68FW-1221HOGD},08/20/2010 16:37:00,EDB0714,PC-6103,Logoff
{Z9R4-K2JJ70QV-4877FRAU},08/23/2010 07:43:00,EDB0714,PC-6103,Logon
{N9Q3-D5GP28KT-0715VXGV},08/23/2010 17:00:00,EDB0714,PC-6103,Logoff
{V7P2-D6QZ45VK-5693HWZD},08/24/2010 07:46:00,EDB0714,PC-6103,Logon
{S4Q5-P9HP12ZU-0950DMMR},08/24/2010 16:35:00,EDB0714,PC-6103,Logoff
{N3U1-J8PS53TV-5010GHFG},08/25/2010 07:47:00,EDB0714,PC-6103,Logon
{O0G1-A9ZT57FZ-2637RDVX},08/25/2010 16:38:00,EDB0714,PC-6103,Logoff
{Z7M9-H6DS18KB-0403CAOK},08/26/2010 07:53:00,EDB0714,PC-6103,Logon
{V4G1-E4LY41GS-5797MEEG},08/26/2010 16:43:00,EDB0714,PC-6103,Logoff
{C0F9-D4EF63BA-6398GIBR},08/27/2010 07:51:00,EDB0714,PC-6103,Logon
{H3U7-N3DV95AE-9383ZQMI},08/27/2010 16:42:00,EDB0714,PC-6103,Logoff
{Y5U3-V0PT88FZ-1540BHSA},08/30/2010 07:46:00,EDB0714,PC-6103,Logon
{Z6A0-N5MQ37WE-8235JOWV},08/30/2010 16:39:00,EDB0714,PC-6103,Logoff
{B9W5-V7KH36PN-6371NSYU},08/31/2010 07:46:00,EDB0714,PC-6103,Logon
{V4A4-C7XZ87ZD-1766MDXE},08/31/2010 16:41:00,EDB0714,PC-6103,Logoff
{V2S2-W9LE50IN-1360VMND},09/01/2010 07:47:00,EDB0714,PC-6103,Logon
{T8U9-C6PU53NS-1598HJWM},09/01/2010 16:35:00,EDB0714,PC-6103,Logoff
{Y7Z4-C7FH49HD-7046ISPZ},09/02/2010 07:50:00,EDB0714,PC-6103,Logon
{R7K7-O5MP47BI-6751ZAOI},09/02/2010 16:54:00,EDB0714,PC-6103,Logoff
{S1P7-W5BW16ML-2727HNHF},09/03/2010 07:50:00,EDB0714,PC-6103,Logon
{Z7S0-W7JA84DL-3531DGZA},09/03/2010 16:42:00,EDB0714,PC-6103,Logoff
{W7Q8-X7LS10UT-7849ACWC},09/07/2010 07:43:00,EDB0714,PC-6103,Logon
{J8Z1-A6JH46DL-9568EVNA},09/07/2010 17:00:00,EDB0714,PC-6103,Logoff
{A7J4-D1LN16SY-5907FOHE},09/08/2010 07:46:00,EDB0714,PC-6103,Logon
{K3Q1-Y9IB08ZY-8597YGOL},09/08/2010 16:42:00,EDB0714,PC-6103,Logoff
{S4X1-S1ES44MP-5624YXKQ},09/09/2010 07:45:00,EDB0714,PC-6103,Logon
{C2U7-B6MZ91RA-0547WXTD},09/09/2010 17:00:00,EDB0714,PC-6103,Logoff
{I6M1-L7MU01PZ-5613EYNU},09/10/2010 07:45:00,EDB0714,PC-6103,Logon
{S1P3-G9MT42ON-4268CFUI},09/10/2010 16:40:00,EDB0714,PC-6103,Logoff
{Z9U4-M4IY29QS-6302YQFC},09/13/2010 07:42:00,EDB0714,PC-6103,Logon
{Q6A3-F8PW12CG-6927WLRA},09/13/2010 16:56:00,EDB0714,PC-6103,Logoff
{H3U8-U1AB30IB-3096LLGO},09/14/2010 07:36:00,EDB0714,PC-6103,Logon
{Q9W4-D0HP15WF-7287UTNM},09/14/2010 16:51:00,EDB0714,PC-6103,Logoff
{W4D7-S0QY92GI-7500ANZG},09/15/2010 07:43:00,EDB0714,PC-6103,Logon
{J6S8-B3RW31HO-7139PUQN},09/15/2010 16:45:00,EDB0714,PC-6103,Logoff
{P8I4-D3UG05TZ-1069ARMR},09/16/2010 07:45:00,EDB0714,PC-6103,Logon
{L6H8-W0RE49SU-6427XDQG},09/16/2010 16:36:00,EDB0714,PC-6103,Logoff
{Q6H5-K0YF73NO-5677ZZDI},09/17/2010 07:44:00,EDB0714,PC-6103,Logon
{A2Q4-C1ZR68FI-5903OODS},09/17/2010 16:43:00,EDB0714,PC-6103,Logoff
{S6S5-P0MO20SW-9096PJDF},09/20/2010 07:38:00,EDB0714,PC-6103,Logon
{A6U9-V8ZE33NM-0066BZGZ},09/20/2010 16:51:00,EDB0714,PC-6103,Logoff
{A7V5-A8ZE00PQ-1290PTQU},09/21/2010 07:35:00,EDB0714,PC-6103,Logon
{O3O0-Z9MJ46VS-8061LGYD},09/21/2010 16:55:00,EDB0714,PC-6103,Logoff
{X4A8-V2FT51KG-9381HROP},09/22/2010 07:51:00,EDB0714,PC-6103,Logon
{R0A4-U5CY53AC-1103MXXD},09/22/2010 16:56:00,EDB0714,PC-6103,Logoff
{J5F7-I7OY88EE-6601TQHO},09/23/2010 07:54:00,EDB0714,PC-6103,Logon
{H3N2-T2DS19ND-3158HSZE},09/23/2010 16:43:00,EDB0714,PC-6103,Logoff
{S6O6-V8JU90NI-3513EVPQ},09/24/2010 07:49:00,EDB0714,PC-6103,Logon
{U5W9-S8MO92US-8342MTMY},09/24/2010 16:40:00,EDB0714,PC-6103,Logoff
{X4X0-E9PK72PK-2573VBTA},09/27/2010 07:48:00,EDB0714,PC-6103,Logon
{J5O2-D7VQ50JG-2257KBFK},09/27/2010 16:42:00,EDB0714,PC-6103,Logoff
{E2N8-I1AQ61DY-6405OTAY},09/28/2010 07:32:00,EDB0714,PC-6103,Logon
{J9J6-A3WQ56ED-4891YRIB},09/28/2010 16:53:00,EDB0714,PC-6103,Logoff
{P7E2-Q8IL41VL-0205UXAU},09/29/2010 07:45:00,EDB0714,PC-6103,Logon
{F0O9-Y0RP34LQ-6948RBTM},09/29/2010 16:58:00,EDB0714,PC-6103,Logoff
{X8Y0-R6YX95IG-0631NCLL},09/30/2010 07:32:00,EDB0714,PC-6103,Logon
{J2L6-G5KQ92PS-6398OXPU},09/30/2010 16:47:00,EDB0714,PC-6103,Logoff
{F9N6-J5GC55EK-2935PEPX},10/01/2010 07:34:00,EDB0714,PC-6103,Logon
{O7Y1-X9OX34LW-7261FLCE},10/01/2010 16:47:00,EDB0714,PC-6103,Logoff
{P4K9-M2GZ16HL-9762OGKJ},10/04/2010 07:51:00,EDB0714,PC-6103,Logon
{E9W3-H3BG54BY-2078GUIJ},10/04/2010 16:36:00,EDB0714,PC-6103,Logoff
{T4C3-B7XC96DC-6581KDHL},10/05/2010 07:37:00,EDB0714,PC-6103,Logon
{W0A4-V9XV46TA-5490YVUC},10/05/2010 16:54:00,EDB0714,PC-6103,Logoff
{F0G9-S0MQ98IV-3244QFBB},10/06/2010 07:49:00,EDB0714,PC-6103,Logon
{O2U7-L4OR04YO-3824ESMD},10/06/2010 16:35:00,EDB0714,PC-6103,Logoff
{D9U2-J2XB66GU-4567OUGJ},10/07/2010 07:32:00,EDB0714,PC-6103,Logon
{T2R6-U3HI73PE-8492AZKR},10/07/2010 16:51:00,EDB0714,PC-6103,Logoff
{I9U1-N1FW76ZA-2766NSAV},10/08/2010 07:45:00,EDB0714,PC-6103,Logon
{R8Y9-T8UB44FN-9515USNQ},10/08/2010 16:37:00,EDB0714,PC-6103,Logoff
{H2D4-I1SY19AB-4724BAHK},10/11/2010 07:50:00,EDB0714,PC-6103,Logon
{T6S4-W8HP29DJ-4677DWXS},10/11/2010 16:45:00,EDB0714,PC-6103,Logoff
{Q4U2-W8SA17UF-7222SOBV},10/12/2010 07:51:00,EDB0714,PC-6103,Logon
{C4N0-G3JE19GZ-7080IGUF},10/12/2010 16:40:00,EDB0714,PC-6103,Logoff
{G4X1-R1XG19RW-1599CVPN},10/13/2010 07:55:00,EDB0714,PC-6103,Logon
{B7U9-S4GW92TB-6865IKZC},10/13/2010 16:41:00,EDB0714,PC-6103,Logoff
{K3X3-H1IP71JG-3993JDSI},10/14/2010 07:42:00,EDB0714,PC-6103,Logon
{Z3M3-T8BR96SF-2110NTWC},10/14/2010 16:54:00,EDB0714,PC-6103,Logoff
{T0F1-W5TG02SN-5016DCOK},10/15/2010 07:55:00,EDB0714,PC-6103,Logon
{Y5B7-H6LM54YG-1819LVIW},10/15/2010 16:44:00,EDB0714,PC-6103,Logoff
{T3Y4-V9NB01WM-9212ALRQ},10/18/2010 07:35:00,EDB0714,PC-6103,Logon
{P1W0-J5GU35DN-7015NMTK},10/18/2010 16:55:00,EDB0714,PC-6103,Logoff
{B3I4-R6UC21SO-7156YPLS},10/19/2010 07:41:00,EDB0714,PC-6103,Logon
{R8L8-G5ZY23DB-6090CSBL},10/19/2010 16:48:00,EDB0714,PC-6103,Logoff
{M8L8-V0NR66LE-6397XUDC},10/20/2010 07:47:00,EDB0714,PC-6103,Logon
{A0U0-K0OR99OZ-4467ZTZK},10/20/2010 16:45:00,EDB0714,PC-6103,Logoff
{Z3B6-D5EP31JJ-8147JGWH},10/21/2010 07:34:00,EDB0714,PC-6103,Logon
{R9U3-C6FT03SF-2660QHJC},10/21/2010 16:48:00,EDB0714,PC-6103,Logoff
{L6O6-E2EH64CN-0815MMMO},10/22/2010 07:51:00,EDB0714,PC-6103,Logon
{K1B7-H3LN66DO-5836LPJL},10/22/2010 16:41:00,EDB0714,PC-6103,Logoff
{Q7A9-I0IG69DN-0109YHUP},10/25/2010 07:46:00,EDB0714,PC-6103,Logon
{M5F4-K8WX94RS-2211ZVCT},10/25/2010 16:40:00,EDB0714,PC-6103,Logoff
{A7J3-M5UZ65GW-7644VYZF},10/26/2010 07:44:00,EDB0714,PC-6103,Logon
{R1E6-B9JU38UQ-1090AATZ},10/26/2010 16:49:00,EDB0714,PC-6103,Logoff
{I2I5-G7CH88HE-0821TCKP},10/27/2010 07:47:00,EDB0714,PC-6103,Logon
{V0S9-Q5XC40IH-8744ATZX},10/27/2010 16:43:00,EDB0714,PC-6103,Logoff
{P7G3-L5HG28MP-9565LKJX},10/28/2010 07:43:00,EDB0714,PC-6103,Logon
{G7R2-C2TQ24LI-6692PDMC},10/28/2010 16:47:00,EDB0714,PC-6103,Logoff
{J0F4-X5MS50HO-8779OXWO},10/29/2010 07:43:00,EDB0714,PC-6103,Logon
{N7S0-F8JP53MK-5111YPNL},10/29/2010 16:48:00,EDB0714,PC-6103,Logoff
{F4K1-O3MD35IX-2520WSAR},11/01/2010 07:49:00,EDB0714,PC-6103,Logon
{O3M6-C4TV29IF-6709ZJFU},11/01/2010 16:43:00,EDB0714,PC-6103,Logoff
{U5W2-J0TR95LO-6951HVAW},11/02/2010 07:36:00,EDB0714,PC-6103,Logon
{P5W9-N7PI21YS-6436ZNEL},11/02/2010 16:47:00,EDB0714,PC-6103,Logoff
{C7G9-C4UJ05GD-6198MQAH},11/03/2010 07:47:00,EDB0714,PC-6103,Logon
{R7O3-H0BK85PE-8081IHRE},11/03/2010 16:49:00,EDB0714,PC-6103,Logoff
{M3J3-U9PE19HK-3402XOHA},11/04/2010 07:45:00,EDB0714,PC-6103,Logon
{P5U1-G9HD14CU-9414EOVW},11/04/2010 16:37:00,EDB0714,PC-6103,Logoff
{R7H5-U2BF46JP-4160HWWH},11/05/2010 07:39:00,EDB0714,PC-6103,Logon
{N8H1-Q7FD37PO-3017VBYA},11/05/2010 16:45:00,EDB0714,PC-6103,Logoff
{E9V2-D1HM87XS-2394DFYW},11/08/2010 07:43:00,EDB0714,PC-6103,Logon
{C4D9-B2GA34VR-4319VKHO},11/08/2010 16:35:00,EDB0714,PC-6103,Logoff
{V5M7-R3OA32YC-4520FCKG},11/09/2010 07:55:00,EDB0714,PC-6103,Logon
{L5G7-P8AQ51KO-5191LOPT},11/09/2010 16:38:00,EDB0714,PC-6103,Logoff
{X6V1-Q9IO00GN-1937VKBS},11/10/2010 07:38:00,EDB0714,PC-6103,Logon
{N4E2-L1GB61VB-6416WKWC},11/10/2010 16:53:00,EDB0714,PC-6103,Logoff
{D9W1-U2BU32AQ-9020BSNY},11/11/2010 07:31:00,EDB0714,PC-6103,Logon
{Z6C8-N0KS73AR-2364MNOG},11/11/2010 16:41:00,EDB0714,PC-6103,Logoff
{L7H8-T5QS40IG-7267PSAD},11/12/2010 07:49:00,EDB0714,PC-6103,Logon
{E6V0-E9BD66WC-8325TEDI},11/12/2010 16:46:00,EDB0714,PC-6103,Logoff
{F4G6-E4BJ24GP-9073DGRG},11/15/2010 07:49:00,EDB0714,PC-6103,Logon
{M5U8-M5HB97IT-0413RVRC},11/15/2010 16:59:00,EDB0714,PC-6103,Logoff
{S1F9-M5ZJ50BE-7261BZPF},11/16/2010 07:39:00,EDB0714,PC-6103,Logon
{U3B3-D4EP99SW-9810ZRKX},11/16/2010 16:57:00,EDB0714,PC-6103,Logoff
{X9Z2-Y0XX52UZ-8108CJTY},11/17/2010 07:37:00,EDB0714,PC-6103,Logon
{C9K1-S1GA62PI-1105KTPL},11/17/2010 16:59:00,EDB0714,PC-6103,Logoff
{W8S2-D5RF32BH-4724KBKW},11/18/2010 07:35:00,EDB0714,PC-6103,Logon
{S8U1-B1PZ36WZ-2251RTVU},11/18/2010 16:38:00,EDB0714,PC-6103,Logoff
{E4Z8-A7MU13MO-0559PLKC},11/19/2010 07:40:00,EDB0714,PC-6103,Logon
{W2K1-O2VT19WP-4336SZBQ},11/19/2010 16:41:00,EDB0714,PC-6103,Logoff
{I3W0-Y4KD45WO-7851ONQK},11/22/2010 07:35:00,EDB0714,PC-6103,Logon
{T5D2-C0ZA85MR-7414RVPU},11/22/2010 16:59:00,EDB0714,PC-6103,Logoff
{U4O0-Y2ZI96TA-8822QTGW},11/23/2010 07:35:00,EDB0714,PC-6103,Logon
{O7L9-N6GF61PS-9626IIJR},11/23/2010 16:51:00,EDB0714,PC-6103,Logoff
{Q9G0-A3DW88VY-4317VAGI},11/24/2010 07:45:00,EDB0714,PC-6103,Logon
{L1Z8-Q7KR36IP-9365CGPP},11/24/2010 16:59:00,EDB0714,PC-6103,Logoff
{B9J6-K6JX20KP-2386UGZT},11/29/2010 07:42:00,EDB0714,PC-6103,Logon
{G5R2-V8JC15PE-7780MNUU},11/29/2010 16:39:00,EDB0714,PC-6103,Logoff
{Q3Q6-V3LL67NP-9547ZIDX},11/30/2010 07:55:00,EDB0714,PC-6103,Logon
{P2F5-P0AX94DK-9244ZEUY},11/30/2010 16:39:00,EDB0714,PC-6103,Logoff
{G8G6-G2NS27HE-8299YSIP},12/01/2010 07:52:00,EDB0714,PC-6103,Logon
{U8J7-N1MF79HV-4477XTAO},12/01/2010 16:38:00,EDB0714,PC-6103,Logoff
{T2Z8-K2JY90PR-3290KHBO},12/02/2010 07:44:00,EDB0714,PC-6103,Logon
{C3O7-Q0IG56GL-2912SOBE},12/02/2010 16:57:00,EDB0714,PC-6103,Logoff
{M0Z0-J2RD29AK-2975ISGJ},12/03/2010 07:34:00,EDB0714,PC-6103,Logon
{Z7Q6-K3JY76MH-3023CMOC},12/03/2010 16:50:00,EDB0714,PC-6103,Logoff
{V4G8-F0NA61LY-5532LKDC},12/06/2010 07:41:00,EDB0714,PC-6103,Logon
{M2E3-Q5VE26SL-1023TOUN},12/06/2010 16:50:00,EDB0714,PC-6103,Logoff
{J4R4-C0DC90VU-3429TSQA},12/07/2010 07:46:00,EDB0714,PC-6103,Logon
{O3O8-C0SK94DM-5441YLEF},12/07/2010 16:36:00,EDB0714,PC-6103,Logoff
{V5I7-Q4EZ19CU-0246OYXI},12/08/2010 07:31:00,EDB0714,PC-6103,Logon
{L6M3-E6BX44PI-7883CVYH},12/08/2010 16:56:00,EDB0714,PC-6103,Logoff
{L5O7-X9QN45PA-0736CFCR},12/09/2010 07:48:00,EDB0714,PC-6103,Logon
{X8J8-D8QW73FP-9740LCDW},12/09/2010 16:59:00,EDB0714,PC-6103,Logoff
{L4K7-M6DN32QY-0400HDLU},12/10/2010 07:42:00,EDB0714,PC-6103,Logon
{I5X6-P8JA08IZ-5859PLLO},12/10/2010 16:57:00,EDB0714,PC-6103,Logoff
{I8J3-P3YB27BM-8677FSAT},12/13/2010 07:48:00,EDB0714,PC-6103,Logon
{B6U6-Z1BR26WP-1635RDWU},12/13/2010 16:54:00,EDB0714,PC-6103,Logoff
{G8O9-K7XS67WD-2150NYZQ},12/14/2010 07:35:00,EDB0714,PC-6103,Logon
{H1X1-Q1HY52LK-3136TMSB},12/14/2010 16:49:00,EDB0714,PC-6103,Logoff
{C5I3-L8MN84DP-6673QWDE},12/15/2010 07:48:00,EDB0714,PC-6103,Logon
{E2X1-O7CT76EV-7085ZYFE},12/15/2010 16:35:00,EDB0714,PC-6103,Logoff
