{H0G4-T5FE40TW-0675QPBT},01/04/2010 07:04:00,TNM0961,PC-2030,Logon
{B2H1-A6HO71GE-0577NIIE},01/04/2010 16:25:00,TNM0961,PC-2030,Logoff
{O4Y1-U9XV75RZ-5947YVVI},01/05/2010 07:15:00,TNM0961,PC-2030,Logon
{P2W6-R8XU80YF-7337JLQN},01/05/2010 13:00:06,TNM0961,PC-2030,Logon
{D9W3-Q1TF89UH-4583TABT},01/05/2010 16:15:00,TNM0961,PC-2030,Logoff
{B5S2-R1AY79FC-2123TEZJ},01/06/2010 07:03:00,TNM0961,PC-2030,Logon
{U0B2-W2MP91HA-4785AQPV},01/06/2010 16:18:00,TNM0961,PC-2030,Logoff
{J2G0-B7QH79ES-1655FWKX},01/07/2010 07:15:00,TNM0961,PC-2030,Logon
{D6V8-J1TK58UT-1003NYKX},01/07/2010 13:05:20,TNM0961,PC-2030,Logon
{C7H6-J8EQ04EA-1087EQPL},01/07/2010 16:15:00,TNM0961,PC-2030,Logoff
{C5F0-G2CO27OY-7748XRUC},01/08/2010 07:01:00,TNM0961,PC-2030,Logon
{F6G7-W1CO25HC-0516GQFO},01/08/2010 12:43:44,TNM0961,PC-2030,Logon
{Q9R1-U0YV00QM-8811HAJS},01/08/2010 16:27:00,TNM0961,PC-2030,Logoff
{M3L8-X4GR52IR-1010KFWT},01/11/2010 07:01:00,TNM0961,PC-2030,Logon
{C0U7-Z1MT17AI-2494RSNQ},01/11/2010 07:06:00,TNM0961,PC-4124,Logon
{B7O1-P2YT53RX-3964TYVD},01/11/2010 07:11:19,TNM0961,PC-4124,Logoff
{C2U5-M7UV19WW-3188TTMN},01/11/2010 16:21:00,TNM0961,PC-2030,Logoff
{Z0V7-Y0RL25KE-3052ZJBP},01/12/2010 07:10:00,TNM0961,PC-2030,Logon
{A4N1-M9LT09ZC-4969WWFF},01/12/2010 11:28:24,TNM0961,PC-2030,Logon
{N5B6-F8XI24DZ-1797ZRTV},01/12/2010 16:24:00,TNM0961,PC-2030,Logoff
{H4J9-O3NO97JT-9702GTQO},01/13/2010 07:15:00,TNM0961,PC-2030,Logon
{I5J7-O5FH09XS-8925BPMR},01/13/2010 13:08:19,TNM0961,PC-2030,Logon
{Z0M2-L3FC75MX-3146OHCC},01/13/2010 16:15:00,TNM0961,PC-2030,Logoff
{R9L9-M0CJ25NC-6071BWYZ},01/14/2010 07:05:00,TNM0961,PC-2030,Logon
{E7X8-Q3VI64EL-0549DJEW},01/14/2010 16:20:00,TNM0961,PC-2030,Logoff
{M1U6-L8XT50RB-5832AVVP},01/15/2010 07:15:00,TNM0961,PC-2030,Logon
{Y8B8-H7HE28NP-1820LWAV},01/15/2010 12:03:21,TNM0961,PC-2030,Logon
{N3E6-O9WZ27FX-2511QKAZ},01/15/2010 16:15:00,TNM0961,PC-2030,Logoff
{R2A9-N1XW40KQ-0271NERJ},01/18/2010 07:09:00,TNM0961,PC-2030,Logon
{S9N0-P7CL16DB-9901JUSX},01/18/2010 07:16:37,TNM0961,PC-4124,Logon
{R1R1-B3KF46MN-2580OTEK},01/18/2010 07:18:59,TNM0961,PC-4124,Logoff
{U6B4-J7DR71KO-8234AZBU},01/18/2010 16:15:00,TNM0961,PC-2030,Logoff
{K3N3-T2VC13LR-1020USJR},01/19/2010 07:04:00,TNM0961,PC-2030,Logon
{D3V9-B3YU41GM-8368GCEI},01/19/2010 11:34:05,TNM0961,PC-2030,Logon
{B2A1-V0NY39BQ-5683ZUWT},01/19/2010 16:30:00,TNM0961,PC-2030,Logoff
{J4I7-I6NQ95TQ-0023PGGU},01/20/2010 07:13:00,TNM0961,PC-2030,Logon
{I9K1-C2VV05CR-0768EBUI},01/20/2010 11:10:05,TNM0961,PC-2030,Logon
{C6V6-W1UI85OS-6937UJTY},01/20/2010 16:15:00,TNM0961,PC-2030,Logoff
{D0D5-M0TO53SR-9107QTBB},01/21/2010 07:15:00,TNM0961,PC-2030,Logon
{U6L4-J1WY46ER-0672WWYX},01/21/2010 11:22:57,TNM0961,PC-2030,Logon
{W4E1-D3GZ99ID-3425RFUA},01/21/2010 16:15:00,TNM0961,PC-2030,Logoff
{V9N0-V9QK13PQ-9473HNVP},01/22/2010 07:04:00,TNM0961,PC-2030,Logon
{M4U2-Z8FA50NV-8282YTDE},01/22/2010 08:26:33,TNM0961,PC-3847,Logon
{A3Q4-R1HG35CQ-7030QAUD},01/22/2010 08:42:21,TNM0961,PC-3847,Logoff
{L3W4-I0OR68HE-8143KSIX},01/22/2010 16:20:00,TNM0961,PC-2030,Logoff
{J3D2-Z7LW52MY-7931DIRB},01/25/2010 07:08:00,TNM0961,PC-2030,Logon
{C3C1-D5WR05FV-6962LAIZ},01/25/2010 16:30:00,TNM0961,PC-2030,Logoff
{V7G8-R7MV74NH-2762NHQO},01/26/2010 07:15:00,TNM0961,PC-2030,Logon
{L3P1-Z0EG29FB-9945IECE},01/26/2010 10:18:10,TNM0961,PC-2030,Logon
{V3U3-U9DV13XO-6057KLOM},01/26/2010 16:15:00,TNM0961,PC-2030,Logoff
{B1S2-A4VA62KY-9723LMKI},01/27/2010 07:13:00,TNM0961,PC-2030,Logon
{Z5P2-O2XU52HS-7972AUBZ},01/27/2010 11:48:28,TNM0961,PC-2030,Logon
{E3T1-S4YT07IV-5412WWCT},01/27/2010 16:17:00,TNM0961,PC-2030,Logoff
{Y3Q5-L1WW86YW-7920FYKX},01/28/2010 07:15:00,TNM0961,PC-2030,Logon
{S9D2-Y2UQ58DN-6541RNCG},01/28/2010 07:22:50,TNM0961,PC-4124,Logon
{H0D7-B1PP32RV-4046JELL},01/28/2010 07:29:03,TNM0961,PC-4124,Logoff
{Q7G9-U9EJ26PZ-1425RKTL},01/28/2010 10:41:23,TNM0961,PC-2030,Logon
{E9J2-Y9UY82HK-7916CJFV},01/28/2010 16:15:00,TNM0961,PC-2030,Logoff
{O0T7-B2WM85QV-0035QSYU},01/29/2010 07:15:00,TNM0961,PC-2030,Logon
{M2R0-X4OS13TK-4542MYRA},01/29/2010 12:00:22,TNM0961,PC-2030,Logon
{U4J3-Q4YO48ZC-9793LCAY},01/29/2010 16:15:00,TNM0961,PC-2030,Logoff
{A4E5-Y5IC25KM-3818YWJQ},02/01/2010 07:02:00,TNM0961,PC-2030,Logon
{L0R3-C4IC05LO-9150XYBD},02/01/2010 07:13:39,TNM0961,PC-4124,Logon
{N4H2-T6LQ33JJ-3604SCPV},02/01/2010 07:18:46,TNM0961,PC-4124,Logoff
{H4N7-N4UE05SQ-5600XWIK},02/01/2010 16:15:00,TNM0961,PC-2030,Logoff
{O7Q0-T0GJ01VW-8941MXLL},02/02/2010 07:15:00,TNM0961,PC-2030,Logon
{J8E2-L0AU86YB-2904GCSJ},02/02/2010 11:41:12,TNM0961,PC-2030,Logon
{N8S3-L9EZ40FG-9447DWBY},02/02/2010 16:15:00,TNM0961,PC-2030,Logoff
{Z5M8-Q8PB78TE-0435CSKJ},02/03/2010 07:15:00,TNM0961,PC-2030,Logon
{R1V2-O1HT16VC-2501VBMB},02/03/2010 12:05:26,TNM0961,PC-2030,Logon
{F0T2-T4TH15FK-0515XYKV},02/03/2010 16:15:00,TNM0961,PC-2030,Logoff
{S3A2-H2NH07AZ-3893VCJG},02/04/2010 07:15:00,TNM0961,PC-2030,Logon
{O1U5-A1SD34MX-3912VHOC},02/04/2010 13:05:06,TNM0961,PC-2030,Logon
{K5R0-W2AS38MT-9166OSXT},02/04/2010 16:15:00,TNM0961,PC-2030,Logoff
{B9E5-Z0NN67DW-2254QENH},02/05/2010 07:15:00,TNM0961,PC-2030,Logon
{U8Z6-S8AO16EZ-9804ZQLS},02/05/2010 09:48:54,TNM0961,PC-4124,Logon
{S2U6-Z6YT89MA-5813QHZZ},02/05/2010 09:50:34,TNM0961,PC-4124,Logoff
{P1B7-H6FM07BF-3497JGOJ},02/05/2010 10:51:19,TNM0961,PC-2030,Logon
{Z2K1-B0VA03CB-1692VFWD},02/05/2010 16:15:00,TNM0961,PC-2030,Logoff
{K0C9-L1AU83UA-1080CCSH},02/08/2010 07:15:00,TNM0961,PC-2030,Logon
{L7R4-Q4CC60QB-0803NWSE},02/08/2010 10:09:46,TNM0961,PC-2030,Logon
{N2X5-Q0TZ73PQ-8925NDEE},02/08/2010 16:15:00,TNM0961,PC-2030,Logoff
{S6F6-G7NC10IF-0265EHYV},02/09/2010 07:15:00,TNM0961,PC-2030,Logon
{H4J1-O0WI22ZX-0183MMIK},02/09/2010 12:23:57,TNM0961,PC-2030,Logon
{H6K2-W1QZ05SC-0502ORRB},02/09/2010 16:15:00,TNM0961,PC-2030,Logoff
{U7C6-Q1AV91AT-2992EXLQ},02/10/2010 07:15:00,TNM0961,PC-2030,Logon
{L3L1-U5IF19WA-1599SMKI},02/10/2010 12:11:47,TNM0961,PC-2030,Logon
{M7R9-V1GZ82JW-9927EWJX},02/10/2010 16:15:00,TNM0961,PC-2030,Logoff
{M6K0-T5RG13PC-7914KSHT},02/11/2010 07:15:00,TNM0961,PC-2030,Logon
{S8E8-U8AB41ZM-7501RFZZ},02/11/2010 07:16:26,TNM0961,PC-4124,Logon
{A8V9-Q6PY61BO-2099QBGV},02/11/2010 07:18:10,TNM0961,PC-4124,Logoff
{Y5L7-M1KV42LR-5998QANM},02/11/2010 16:15:00,TNM0961,PC-2030,Logoff
{S0K8-N9LG57CZ-4960EPYF},02/12/2010 07:15:00,TNM0961,PC-2030,Logon
{N1I5-C1EK62RZ-6477UVKF},02/12/2010 09:23:58,TNM0961,PC-2030,Logon
{B7F4-M9BZ09FO-1794ICUI},02/12/2010 16:15:00,TNM0961,PC-2030,Logoff
{G3R8-F6VF49ZV-1113QRFB},02/15/2010 07:11:00,TNM0961,PC-2030,Logon
{U8W5-K9AI73ZR-8295WATM},02/15/2010 12:21:31,TNM0961,PC-3847,Logon
{V9R1-U0NZ54XH-4201GLBU},02/15/2010 12:24:43,TNM0961,PC-3847,Logoff
{O7Q0-V7KS88QP-2005UOPZ},02/15/2010 12:25:39,TNM0961,PC-2030,Logon
{X7Y0-K9KX57KN-6370KDLX},02/15/2010 16:16:00,TNM0961,PC-2030,Logoff
{F1D9-J4LC34LE-2326LRGE},02/16/2010 07:15:00,TNM0961,PC-2030,Logon
{C1F0-B4RH75WK-3801ULHF},02/16/2010 12:45:32,TNM0961,PC-2030,Logon
{E8A1-R9FT11SQ-9841UUSC},02/16/2010 16:15:00,TNM0961,PC-2030,Logoff
{I9S0-L2OX18BB-6467OGYC},02/17/2010 07:02:00,TNM0961,PC-2030,Logon
{S9B4-Y6RS87RP-4931VADX},02/17/2010 13:15:08,TNM0961,PC-3847,Logon
{C2C8-H3SV72OX-4600AEJT},02/17/2010 13:48:57,TNM0961,PC-3847,Logoff
{K0K8-Y3KO37IX-0698HNAG},02/17/2010 16:30:00,TNM0961,PC-2030,Logoff
{V0M6-Q2WU66RY-8346TKPX},02/18/2010 07:15:00,TNM0961,PC-2030,Logon
{P4K4-C8IV40YT-3970KIUW},02/18/2010 11:58:45,TNM0961,PC-2030,Logon
{K0Q7-D3FX68JZ-7186WXEW},02/18/2010 16:22:00,TNM0961,PC-2030,Logoff
{U1O6-G1PL92CK-4388DWZH},02/19/2010 07:09:00,TNM0961,PC-2030,Logon
{T0Q3-S6BX46IU-5876EMTK},02/19/2010 12:56:06,TNM0961,PC-2030,Logon
{J6H7-Z1IS64AB-2096WZDH},02/19/2010 16:18:00,TNM0961,PC-2030,Logoff
{T3E9-R2VC21DQ-5037ZVKF},02/22/2010 07:11:00,TNM0961,PC-2030,Logon
{X8O1-Q0GE83EY-7876UUCU},02/22/2010 12:27:39,TNM0961,PC-2030,Logon
{Z7M4-A5KT40AN-9584FTQI},02/22/2010 16:27:00,TNM0961,PC-2030,Logoff
{K7N1-F3EM42FM-4987CPUY},02/23/2010 07:13:00,TNM0961,PC-2030,Logon
{J8L1-D1UW09QR-6533ICFI},02/23/2010 11:48:16,TNM0961,PC-2030,Logon
{B9A4-Q3KE53RJ-8837YLCD},02/23/2010 14:28:29,TNM0961,PC-3847,Logon
{Q3J0-U0HZ37OJ-3843TUZX},02/23/2010 15:07:21,TNM0961,PC-3847,Logoff
{P8V3-A3UJ08UF-3198LZYC},02/23/2010 16:24:00,TNM0961,PC-2030,Logoff
{H0U4-C6NI18SF-8425YEON},02/24/2010 07:15:00,TNM0961,PC-2030,Logon
{G2Y9-N0UI53KR-8885JPWY},02/24/2010 11:44:51,TNM0961,PC-2030,Logon
{O0T1-F5EQ76YT-1087NZPY},02/24/2010 16:15:00,TNM0961,PC-2030,Logoff
{M8G6-D1XW70HR-7480XNZL},02/25/2010 07:15:00,TNM0961,PC-2030,Logon
{K5J2-P4JQ60SJ-5854XZDJ},02/25/2010 09:47:17,TNM0961,PC-2030,Logon
{N9B7-X9JK73YX-4887HTKB},02/25/2010 16:15:00,TNM0961,PC-2030,Logoff
{Q0V8-P0ZD28RZ-7957KPVE},02/26/2010 07:13:00,TNM0961,PC-2030,Logon
{V6V7-T5CI31TX-8274ARAQ},02/26/2010 11:50:36,TNM0961,PC-2030,Logon
{X1C5-B5PR51CH-4185PNWR},02/26/2010 16:25:00,TNM0961,PC-2030,Logoff
{C8G2-L8MU46ON-5572TNUW},03/01/2010 07:06:00,TNM0961,PC-2030,Logon
{M8I3-N8PN71DU-4371RYKS},03/01/2010 16:18:00,TNM0961,PC-2030,Logoff
{Z3E5-A2BZ55KM-6428DQMN},03/02/2010 07:01:00,TNM0961,PC-2030,Logon
{Y3W7-S5OK89EJ-9183CUUS},03/02/2010 12:31:24,TNM0961,PC-2030,Logon
{U3Z4-Y2ZB66UB-9627KBUM},03/02/2010 16:15:00,TNM0961,PC-2030,Logoff
{C0E2-G8KQ90QC-4795MDRW},03/03/2010 07:15:00,TNM0961,PC-2030,Logon
{G5S1-C8KR17FK-7470TODS},03/03/2010 10:56:37,TNM0961,PC-2030,Logon
{Q0E6-V4LJ11JB-2130ECSK},03/03/2010 16:15:00,TNM0961,PC-2030,Logoff
{H9C7-I6QI24AB-3210TRJB},03/04/2010 07:15:00,TNM0961,PC-2030,Logon
{O9V0-C3TG73BE-9071WOJL},03/04/2010 16:25:00,TNM0961,PC-2030,Logoff
{C3D6-S0MU91VO-7111ABAO},03/05/2010 07:15:00,TNM0961,PC-2030,Logon
{P1Y0-C3VM83EH-6806VUIT},03/05/2010 10:49:24,TNM0961,PC-2030,Logon
{C7N9-L3WE14BT-5738WVTE},03/05/2010 16:15:00,TNM0961,PC-2030,Logoff
{B8N7-Z3VX57QR-7056TSVZ},03/08/2010 07:15:00,TNM0961,PC-2030,Logon
{J6F5-L2WG54UI-6531VXAN},03/08/2010 11:40:54,TNM0961,PC-2030,Logon
{F3D3-O1GO62NR-8718SDTV},03/08/2010 16:15:00,TNM0961,PC-2030,Logoff
{R3C4-L7KN62HT-1191BKVN},03/09/2010 07:05:00,TNM0961,PC-2030,Logon
{R8I7-R8YH53JA-4118ESWT},03/09/2010 11:25:11,TNM0961,PC-4124,Logon
{E9V9-P9XE28GI-0791BOPB},03/09/2010 11:36:18,TNM0961,PC-4124,Logoff
{M4S6-T5JO31VH-0470HXMH},03/09/2010 16:24:00,TNM0961,PC-2030,Logoff
{W6U8-A3ME40UL-2956OANO},03/10/2010 07:01:00,TNM0961,PC-2030,Logon
{O0E0-M1HO19NQ-9511ZIXY},03/10/2010 11:48:30,TNM0961,PC-2030,Logon
{Z5Y5-H4HY70DZ-9205KFNB},03/10/2010 16:23:00,TNM0961,PC-2030,Logoff
{Y0E3-C2VH55BY-7066HHYM},03/11/2010 07:15:00,TNM0961,PC-2030,Logon
{Y0Q3-B8NZ81QU-1434BAWU},03/11/2010 11:18:41,TNM0961,PC-2030,Logon
{D6H4-C2OF38KN-8706KBSL},03/11/2010 16:15:00,TNM0961,PC-2030,Logoff
{S6R0-G6DU49HV-0839EUUM},03/12/2010 07:01:00,TNM0961,PC-2030,Logon
{T0I9-G1NM12UH-8593NQZQ},03/12/2010 07:02:02,TNM0961,PC-4124,Logon
{R5F1-N5SR67SY-8889RMNZ},03/12/2010 07:04:28,TNM0961,PC-4124,Logoff
{K6W9-H9UL16JP-8249ECZR},03/12/2010 16:26:00,TNM0961,PC-2030,Logoff
{Y0U4-A6BG33GH-7705LONE},03/15/2010 07:06:00,TNM0961,PC-2030,Logon
{L2Z7-Q7CA78FX-9491CNQK},03/15/2010 12:16:29,TNM0961,PC-2030,Logon
{D4P5-O6KE57IV-9660ZYIA},03/15/2010 16:24:00,TNM0961,PC-2030,Logoff
{X8P3-W0YW30WC-4288BXDQ},03/16/2010 07:15:00,TNM0961,PC-2030,Logon
{X2L8-V4DH82ZS-3640SKTB},03/16/2010 11:13:28,TNM0961,PC-2030,Logon
{C1Y3-A4YC18ID-1318VHXB},03/16/2010 16:15:00,TNM0961,PC-2030,Logoff
{I1J1-G2TK28YJ-6932KGDL},03/17/2010 07:10:00,TNM0961,PC-2030,Logon
{G5N7-B0GL62PK-6671XDUC},03/17/2010 12:59:24,TNM0961,PC-2030,Logon
{W0V0-N5YX33AM-7703XMPI},03/17/2010 16:15:00,TNM0961,PC-2030,Logoff
{K9O7-C7DE01HK-2594EJSO},03/18/2010 07:05:00,TNM0961,PC-2030,Logon
{R5I7-D3MH78TF-1500FJGM},03/18/2010 10:33:53,TNM0961,PC-3847,Logon
{M9F3-X9RU55GI-5011YQGA},03/18/2010 10:35:04,TNM0961,PC-3847,Logoff
{R9Y2-L3XT95LE-4311IWVF},03/18/2010 11:46:58,TNM0961,PC-2030,Logon
{R6X2-O5JZ86BZ-8814XXUH},03/18/2010 16:19:00,TNM0961,PC-2030,Logoff
{I3Z2-Y2LU87AQ-6723MVAO},03/19/2010 07:15:00,TNM0961,PC-2030,Logon
{O8E7-V0YA31DQ-0071ZVHD},03/19/2010 12:52:11,TNM0961,PC-2030,Logon
{Q7M8-C3XN81XF-2383EVEU},03/19/2010 16:15:00,TNM0961,PC-2030,Logoff
{B9R9-T8AQ05IE-6409NDKN},03/22/2010 07:08:00,TNM0961,PC-2030,Logon
{T1U7-Z5MB68YE-0458LXLV},03/22/2010 13:06:18,TNM0961,PC-2030,Logon
{Z0Q4-G1NL07BX-2176PKRG},03/22/2010 16:15:00,TNM0961,PC-2030,Logoff
{F1H6-U9SR15GX-4154HRVB},03/23/2010 07:00:00,TNM0961,PC-2030,Logon
{K1B6-Q8RP16MG-6913PTYN},03/23/2010 08:11:49,TNM0961,PC-3847,Logon
{K1M5-G0UY00MD-2984DZLR},03/23/2010 08:17:52,TNM0961,PC-3847,Logoff
{S4S9-S1ID69QG-0121QIOI},03/23/2010 16:15:00,TNM0961,PC-2030,Logoff
{L4O8-D0VI07FX-5721LWCZ},03/24/2010 07:05:00,TNM0961,PC-2030,Logon
{Y1L2-O6FQ42LU-7145ACVO},03/24/2010 11:02:59,TNM0961,PC-2030,Logon
{Y1V5-K3XC16YE-5128TSGU},03/24/2010 12:45:18,TNM0961,PC-3847,Logon
{W4K8-D6GG60KH-9711KIGD},03/24/2010 13:13:18,TNM0961,PC-3847,Logoff
{Z0Q3-Q8AT03WG-6066XZDJ},03/24/2010 16:17:00,TNM0961,PC-2030,Logoff
{H4W2-N0UB96QE-2967HNQG},03/25/2010 07:15:00,TNM0961,PC-2030,Logon
{T0A1-W4PO43MX-3017WZGR},03/25/2010 10:53:23,TNM0961,PC-2030,Logon
{U4G8-W3GF84TU-7220UIWR},03/25/2010 16:15:00,TNM0961,PC-2030,Logoff
{S3F9-H9LZ31WU-2053NLYB},03/26/2010 07:08:00,TNM0961,PC-2030,Logon
{T6J2-C3HA57LO-4186QTDC},03/26/2010 10:49:37,TNM0961,PC-2030,Logon
{F5Q3-B8AG66BB-1387BFNR},03/26/2010 16:24:00,TNM0961,PC-2030,Logoff
{N2U0-R4SW41LN-7061IZUH},03/29/2010 07:01:00,TNM0961,PC-2030,Logon
{Q5A4-F8TR37UW-9565GOMM},03/29/2010 12:53:09,TNM0961,PC-2030,Logon
{I5S6-S7DE56FG-3668UUAU},03/29/2010 16:19:00,TNM0961,PC-2030,Logoff
{G8C7-L8WC89YV-9042IULS},03/30/2010 07:15:00,TNM0961,PC-2030,Logon
{A9O7-G7HX59WU-2689DXAH},03/30/2010 10:17:42,TNM0961,PC-2030,Logon
{B2V3-E2NR03GQ-0026TQSR},03/30/2010 16:15:00,TNM0961,PC-2030,Logoff
{T6V2-L6DY90GU-8471OREA},03/31/2010 07:15:00,TNM0961,PC-2030,Logon
{S1Y1-P5TT77JB-6104UKQW},03/31/2010 12:38:49,TNM0961,PC-2030,Logon
{A9P4-K5TP69RT-0724XQUE},03/31/2010 16:20:00,TNM0961,PC-2030,Logoff
{Y5B5-V4CW02DZ-0939ZDQW},04/01/2010 07:07:00,TNM0961,PC-2030,Logon
{B8E6-M0IK69LI-1797TOUU},04/01/2010 12:26:20,TNM0961,PC-2030,Logon
{H7O0-T3QE28TH-5575CZAQ},04/01/2010 16:21:00,TNM0961,PC-2030,Logoff
{I4X3-U4MA57KG-2988MGIH},04/05/2010 07:03:00,TNM0961,PC-2030,Logon
{K4Z4-M1BM37VZ-9036ILNO},04/05/2010 07:23:33,TNM0961,PC-4124,Logon
{D5Q4-W6ER05SO-0096YTPZ},04/05/2010 07:24:41,TNM0961,PC-4124,Logoff
{K0I8-B5NQ71QZ-7287XVAD},04/05/2010 12:36:29,TNM0961,PC-2030,Logon
{A1A3-U0DG15IU-4353CFAR},04/05/2010 16:24:00,TNM0961,PC-2030,Logoff
{D6R2-N8GR93EZ-9779TAEY},04/06/2010 07:10:00,TNM0961,PC-2030,Logon
{B2R7-H9QB88UT-5446RRKQ},04/06/2010 14:33:23,TNM0961,PC-3847,Logon
{R3G5-W3PN78LW-7621MRHK},04/06/2010 14:36:15,TNM0961,PC-3847,Logoff
{E2L1-X6FF30AQ-9791CFUW},04/06/2010 16:24:00,TNM0961,PC-2030,Logoff
{E7U3-D2QG03FT-7930UDDF},04/07/2010 07:09:00,TNM0961,PC-2030,Logon
{E0S2-P1SZ41IU-2195MAOF},04/07/2010 11:17:41,TNM0961,PC-2030,Logon
{A4V2-F8CR32QH-5201BOHE},04/07/2010 16:18:00,TNM0961,PC-2030,Logoff
{Y8V6-J7WP74SY-9303ZJYO},04/08/2010 07:15:00,TNM0961,PC-2030,Logon
{D8R3-Q8FP62ZM-6337LXAX},04/08/2010 11:43:45,TNM0961,PC-2030,Logon
{J0W8-P7QM25RX-4373WEOC},04/08/2010 16:15:00,TNM0961,PC-2030,Logoff
{D6L6-N6NK74NH-9736XMOE},04/09/2010 07:15:00,TNM0961,PC-2030,Logon
{Y0L0-X7OI15OX-6082WWXX},04/09/2010 12:29:10,TNM0961,PC-2030,Logon
{V0O6-G8UJ24JB-3835IZJS},04/09/2010 16:15:00,TNM0961,PC-2030,Logoff
{F7G6-P2QJ37SX-5079PLSF},04/12/2010 07:05:00,TNM0961,PC-2030,Logon
{M3Y4-P1NF38GM-2603HDKH},04/12/2010 07:06:06,TNM0961,PC-4124,Logon
{C1D6-C7PY02JE-1372KQXR},04/12/2010 07:08:29,TNM0961,PC-4124,Logoff
{P7K7-U3DA22RB-6500VPIM},04/12/2010 16:25:00,TNM0961,PC-2030,Logoff
{L3U9-A0FR28IF-9981OBAM},04/13/2010 07:03:00,TNM0961,PC-2030,Logon
{A1O6-H1UF18AY-8815NBVH},04/13/2010 09:48:25,TNM0961,PC-2030,Logon
{E9T2-E5YZ71KV-7500UNKF},04/13/2010 16:15:00,TNM0961,PC-2030,Logoff
{Q4K7-B6TR00KM-9824ARRV},04/14/2010 07:12:00,TNM0961,PC-2030,Logon
{M8J2-C4ZM67HX-9869JHWX},04/14/2010 09:42:54,TNM0961,PC-2030,Logon
{D7D6-E3YS28ND-0687VPGJ},04/14/2010 16:24:00,TNM0961,PC-2030,Logoff
{I8X2-W6XX30AP-7395WBHV},04/15/2010 07:15:00,TNM0961,PC-2030,Logon
{W0E7-V4VL96ZD-1112XCDE},04/15/2010 12:18:44,TNM0961,PC-2030,Logon
{K0U3-U1UY08DN-6277FFOP},04/15/2010 16:15:00,TNM0961,PC-2030,Logoff
{S4M5-D9SZ18ZO-2753RXMI},04/16/2010 07:00:00,TNM0961,PC-2030,Logon
{U2F2-Z8VK41WM-0276IWNO},04/16/2010 07:01:02,TNM0961,PC-4124,Logon
{F7Y1-J9WX80BF-9333JLSR},04/16/2010 07:02:15,TNM0961,PC-4124,Logoff
{G4G0-S9TE62EN-1169PEKP},04/16/2010 16:16:00,TNM0961,PC-2030,Logoff
{E9G1-M2VF51ZF-0599OQNA},04/19/2010 07:03:00,TNM0961,PC-2030,Logon
{Y8W8-N0BS94GQ-7581EDAH},04/19/2010 12:55:04,TNM0961,PC-2030,Logon
{J5Z9-L9LU47IH-2496IGYA},04/19/2010 16:28:00,TNM0961,PC-2030,Logoff
{C3T2-E9QW75FE-3277EQSI},04/20/2010 07:15:00,TNM0961,PC-2030,Logon
{R5A4-L5BC01IM-1202UFSO},04/20/2010 10:39:16,TNM0961,PC-2030,Logon
{X3P5-Y8QD77QZ-5473RFET},04/20/2010 16:24:00,TNM0961,PC-2030,Logoff
{W1J6-I3NA52FV-5800UMMR},04/21/2010 07:00:00,TNM0961,PC-2030,Logon
{S5P7-H7LV47MK-5240EZGS},04/21/2010 11:37:01,TNM0961,PC-2030,Logon
{K7K3-D1EG77OD-6946MKKY},04/21/2010 16:23:00,TNM0961,PC-2030,Logoff
{G0C2-I4AW89HA-8029BXYL},04/22/2010 07:07:00,TNM0961,PC-2030,Logon
{H2T0-D0XB77WS-0240AHKS},04/22/2010 12:33:56,TNM0961,PC-2030,Logon
{R2M7-D1EF61KO-5729YDVV},04/22/2010 16:15:00,TNM0961,PC-2030,Logoff
{J9G9-I7NM93DN-1258UBRB},04/23/2010 07:15:00,TNM0961,PC-2030,Logon
{P5G7-S5KS96UO-5033VCHQ},04/23/2010 12:03:46,TNM0961,PC-2030,Logon
{U4W2-M0UG30LT-2580IINX},04/23/2010 16:15:00,TNM0961,PC-2030,Logoff
{K6B8-W6QS09BW-1970BAKP},04/26/2010 07:15:00,TNM0961,PC-2030,Logon
{I6B0-B5LW00TO-4335BWWQ},04/26/2010 07:27:33,TNM0961,PC-4124,Logon
{M4I7-H8ES99GI-7551XREU},04/26/2010 07:37:26,TNM0961,PC-4124,Logoff
{P5I6-K1SJ94IG-6086KXHR},04/26/2010 12:33:53,TNM0961,PC-2030,Logon
{D7V9-Z0RN85OR-2182JLLB},04/26/2010 16:15:00,TNM0961,PC-2030,Logoff
{W1C3-U9IZ31IO-6019XYUG},04/27/2010 07:03:00,TNM0961,PC-2030,Logon
{H1N6-U9MB15XR-9038EMPH},04/27/2010 07:04:00,TNM0961,PC-4124,Logon
{Y2U2-F0TH22LA-6118KAEI},04/27/2010 07:05:23,TNM0961,PC-4124,Logoff
{R0T1-V3LQ01WZ-0702GULM},04/27/2010 16:20:00,TNM0961,PC-2030,Logoff
{P6S3-A8RR54VS-4137IQCN},04/28/2010 07:09:00,TNM0961,PC-2030,Logon
{P3D3-Q5NJ72RN-3407QPOJ},04/28/2010 12:12:33,TNM0961,PC-2030,Logon
{F7R2-O4LS68RW-4058DGFX},04/28/2010 16:15:00,TNM0961,PC-2030,Logoff
{X9U4-C4PJ93RV-2422JPHU},04/29/2010 07:15:00,TNM0961,PC-2030,Logon
{U0J9-C0GD95SV-1945IYOF},04/29/2010 11:28:19,TNM0961,PC-2030,Logon
{T6L3-W9CU01XD-9653IRGG},04/29/2010 16:15:00,TNM0961,PC-2030,Logoff
{Q8I6-P7TT71QI-6293TPSZ},04/30/2010 07:02:00,TNM0961,PC-2030,Logon
{J4X7-T4XP49OJ-7985RDMZ},04/30/2010 07:09:11,TNM0961,PC-4124,Logon
{F3N7-X1IE82WQ-6824ZLAC},04/30/2010 07:10:14,TNM0961,PC-4124,Logoff
{J2S1-A8SZ24ID-9136JSLL},04/30/2010 12:52:07,TNM0961,PC-2030,Logon
{C4J2-Y7QG14ZR-0882YNAX},04/30/2010 16:20:00,TNM0961,PC-2030,Logoff
{M5P5-J7SY19AZ-4447MENL},05/03/2010 07:15:00,TNM0961,PC-2030,Logon
{D6M9-V0OW51TV-6125ABUE},05/03/2010 12:55:16,TNM0961,PC-2030,Logon
{F1Z4-X1BY75QL-0976RAQP},05/03/2010 16:15:00,TNM0961,PC-2030,Logoff
{Y2N9-F9YJ70ML-5339VMZH},05/04/2010 07:15:00,TNM0961,PC-2030,Logon
{E6V8-R2CT61FV-7824QMCL},05/04/2010 12:28:13,TNM0961,PC-2030,Logon
{J0H5-L4AY95RW-6349QIVI},05/04/2010 16:29:00,TNM0961,PC-2030,Logoff
{P1X2-F4UD02VB-9779PPTD},05/05/2010 07:15:00,TNM0961,PC-2030,Logon
{T6D8-J4OI12CV-3099TWHD},05/05/2010 10:56:02,TNM0961,PC-2030,Logon
{R4U3-Y3PQ68SS-5490FOUN},05/05/2010 16:15:00,TNM0961,PC-2030,Logoff
{N3F8-G8DL28IS-4572QIRZ},05/06/2010 07:15:00,TNM0961,PC-2030,Logon
{N4N7-K4HY76HH-2792ZDZW},05/06/2010 13:09:08,TNM0961,PC-2030,Logon
{J5B3-Z6YG44ZK-9300ATZB},05/06/2010 16:15:00,TNM0961,PC-2030,Logoff
{R8Y5-G8MF50BQ-9528BNDC},05/07/2010 07:15:00,TNM0961,PC-2030,Logon
{H8Q9-C9WX74IL-8568PQYG},05/07/2010 16:15:00,TNM0961,PC-2030,Logoff
{E2S2-V0HU04GN-0594RIQS},05/10/2010 07:15:00,TNM0961,PC-2030,Logon
{U3D4-M2ME92PF-8472VLAH},05/10/2010 11:29:34,TNM0961,PC-2030,Logon
{Q9U7-U5DE35YR-6508MEUB},05/10/2010 16:15:00,TNM0961,PC-2030,Logoff
{W4N1-W6BT84BD-2669IXGZ},05/11/2010 07:02:00,TNM0961,PC-2030,Logon
{X1R9-F4DK17LM-1061ISUO},05/11/2010 09:54:19,TNM0961,PC-2030,Logon
{R4R6-O0XS53KD-6679KHAB},05/11/2010 16:18:00,TNM0961,PC-2030,Logoff
{V2A1-F2CG81BP-1380HJHV},05/12/2010 07:00:00,TNM0961,PC-2030,Logon
{V2K6-X3AN33OJ-4541HQON},05/12/2010 12:03:08,TNM0961,PC-2030,Logon
{B0W5-I1CO90YN-7491FHDM},05/12/2010 16:16:00,TNM0961,PC-2030,Logoff
{S7A7-Z4MH83CA-6072HTML},05/13/2010 07:03:00,TNM0961,PC-2030,Logon
{O2W0-H0SQ56PV-3306LMRJ},05/13/2010 16:16:00,TNM0961,PC-2030,Logoff
{G8V7-O8HP09NS-3881XHPK},05/14/2010 07:02:00,TNM0961,PC-2030,Logon
{F8E8-F7UZ41EY-4476XICZ},05/14/2010 12:51:46,TNM0961,PC-2030,Logon
{D4T6-M5JJ24UT-2364FWHY},05/14/2010 16:25:00,TNM0961,PC-2030,Logoff
{K1K9-H1QE30LJ-8012TNZI},05/17/2010 07:15:00,TNM0961,PC-2030,Logon
{X9Q0-W2PK83TM-7281SZPY},05/17/2010 11:34:39,TNM0961,PC-2030,Logon
{P5Z3-C1QV32LW-1241NOKB},05/17/2010 16:15:00,TNM0961,PC-2030,Logoff
{U7L3-T4TH77JQ-0541DPVB},05/18/2010 07:15:00,TNM0961,PC-2030,Logon
{C7E9-D3FA69CZ-5784BMXJ},05/18/2010 08:57:32,TNM0961,PC-3847,Logon
{F1X5-O4YU18PM-2735HQGH},05/18/2010 09:31:01,TNM0961,PC-3847,Logoff
{F4I2-J6CY74EN-1609RZKS},05/18/2010 16:21:00,TNM0961,PC-2030,Logoff
{B2S1-R5MR43YS-5924LCDC},05/19/2010 07:15:00,TNM0961,PC-2030,Logon
{M5Y0-P5DD64VL-4924HQGY},05/19/2010 12:17:01,TNM0961,PC-2030,Logon
{T5A9-V8XH90IW-7431KBZJ},05/19/2010 16:22:00,TNM0961,PC-2030,Logoff
{J4R9-Q8QI57PD-0793KPIT},05/20/2010 07:02:00,TNM0961,PC-2030,Logon
{L6Y1-V5OS41JE-0010SEQX},05/20/2010 11:56:04,TNM0961,PC-2030,Logon
{N5B4-J6JH53SW-7922GCAB},05/20/2010 16:15:00,TNM0961,PC-2030,Logoff
{G5K3-Z7IR92UM-6366PEJN},05/21/2010 07:00:00,TNM0961,PC-2030,Logon
{L1U3-G0HX33AG-5166LNSK},05/21/2010 11:23:26,TNM0961,PC-2030,Logon
{T7V6-K2SM85FO-5279SGMH},05/21/2010 16:24:00,TNM0961,PC-2030,Logoff
{X1A4-D3LR27MO-7360AGOZ},05/24/2010 07:15:00,TNM0961,PC-2030,Logon
{V3B9-V8HS81TP-5613LRFC},05/24/2010 11:30:17,TNM0961,PC-2030,Logon
{T9B4-F3CE92GL-1155KVIS},05/24/2010 16:16:00,TNM0961,PC-2030,Logoff
{D7R0-W7RL03AE-4168TODK},05/25/2010 07:15:00,TNM0961,PC-2030,Logon
{B8V8-G1MZ12AT-1283DEHL},05/25/2010 11:01:28,TNM0961,PC-2030,Logon
{I1S0-D1EM34SW-9530YGEZ},05/25/2010 16:15:00,TNM0961,PC-2030,Logoff
{S8L8-N1PR58CH-3650ETWB},05/26/2010 07:15:00,TNM0961,PC-2030,Logon
{E9K9-N1HK89GN-8819ICTS},05/26/2010 09:26:54,TNM0961,PC-2030,Logon
{J7B7-Z3TM04SU-5048UVDS},05/26/2010 16:15:00,TNM0961,PC-2030,Logoff
{C7A5-O9JY10ZY-5887WYZC},05/27/2010 07:12:00,TNM0961,PC-2030,Logon
{X9W0-I9MJ33VV-4491OFHF},05/27/2010 11:45:24,TNM0961,PC-3847,Logon
{S7E5-D0TM90NL-9825KQHF},05/27/2010 11:46:26,TNM0961,PC-3847,Logoff
{R7X0-F8CF93NL-9474NNGQ},05/27/2010 16:15:00,TNM0961,PC-2030,Logoff
{B3A4-I3NX65HC-5940EPUQ},05/28/2010 07:15:00,TNM0961,PC-2030,Logon
{F9A5-V6IR34AP-6830LMFQ},05/28/2010 09:42:41,TNM0961,PC-2030,Logon
{B9G3-B7EO81WX-8620ZKXE},05/28/2010 16:26:00,TNM0961,PC-2030,Logoff
{H6J6-X7WG50YE-0866KHJE},06/01/2010 07:15:00,TNM0961,PC-2030,Logon
{R8M8-Q9GW20AB-7134VRLE},06/01/2010 16:15:00,TNM0961,PC-2030,Logoff
{W4T9-B5RV65GM-6295BEWS},06/02/2010 07:12:00,TNM0961,PC-2030,Logon
{U7P3-Q6OJ69QA-7681XEST},06/02/2010 07:38:01,TNM0961,PC-4124,Logon
{S5H7-B4SL94NS-2309GMTY},06/02/2010 07:39:11,TNM0961,PC-4124,Logoff
{T2K7-L1CB29GV-5620XEXS},06/02/2010 16:15:00,TNM0961,PC-2030,Logoff
{E1R9-C0HE84DV-5926YIXR},06/03/2010 07:12:00,TNM0961,PC-2030,Logon
{R5I8-M8NG19BO-6105PQMQ},06/03/2010 11:52:50,TNM0961,PC-2030,Logon
{B7D2-G9DQ39PL-3732RAFV},06/03/2010 16:27:00,TNM0961,PC-2030,Logoff
{A9T8-Z6KQ88DH-9226MVFQ},06/04/2010 07:06:00,TNM0961,PC-2030,Logon
{M3H9-B6MJ25LY-7945SDOD},06/04/2010 11:58:27,TNM0961,PC-2030,Logon
{T6Q1-W7BJ77YM-7342VBSM},06/04/2010 16:24:00,TNM0961,PC-2030,Logoff
{I8Q8-W3RS27YF-9086ENJB},06/07/2010 07:14:00,TNM0961,PC-2030,Logon
{H7C5-A2RR62HU-4892NDNQ},06/07/2010 10:29:16,TNM0961,PC-3847,Logon
{C7F7-K2EO31TP-8296LAMC},06/07/2010 10:35:46,TNM0961,PC-3847,Logoff
{Y1R8-T0VZ01CK-7161VOWD},06/07/2010 16:30:00,TNM0961,PC-2030,Logoff
{D4H0-O1VR36FV-4930OGRN},06/08/2010 07:15:00,TNM0961,PC-2030,Logon
{C2R0-V9UB39PA-0284HFUB},06/08/2010 11:32:08,TNM0961,PC-2030,Logon
{J7Y9-E0YX61QY-8848HJLM},06/08/2010 16:15:00,TNM0961,PC-2030,Logoff
{R7K5-H7HL46AE-4600KKLV},06/09/2010 07:10:00,TNM0961,PC-2030,Logon
{B5R6-Y0WF02ZJ-5073KLMU},06/09/2010 12:26:20,TNM0961,PC-2030,Logon
{E8V5-D8SH00TL-9775HZPI},06/09/2010 16:27:00,TNM0961,PC-2030,Logoff
{A1K7-Q9DZ21LE-5071FQTI},06/10/2010 07:01:00,TNM0961,PC-2030,Logon
{L6Z1-I1VL54ZJ-0343YFBE},06/10/2010 07:24:52,TNM0961,PC-4124,Logon
{U3A1-Y7LI68OB-4366DRZZ},06/10/2010 07:26:06,TNM0961,PC-4124,Logoff
{W2T8-H8VF18JT-0391GCVE},06/10/2010 16:22:00,TNM0961,PC-2030,Logoff
{M8B0-N5AN61OX-5805IOLK},06/11/2010 07:15:00,TNM0961,PC-2030,Logon
{D9W2-Y5KB27OJ-3562NGUU},06/11/2010 12:01:53,TNM0961,PC-2030,Logon
{C1J6-C3ND48JI-9009OGAB},06/11/2010 16:26:00,TNM0961,PC-2030,Logoff
{J3F6-H2DL99LB-5704HWCE},06/14/2010 07:12:00,TNM0961,PC-2030,Logon
{Y9F4-G9LL46ZJ-8821USOR},06/14/2010 08:32:36,TNM0961,PC-3847,Logon
{I7B3-J4DP07OU-1659YBFR},06/14/2010 08:38:15,TNM0961,PC-3847,Logoff
{X7U7-M0FX45AW-4661IILU},06/14/2010 16:30:00,TNM0961,PC-2030,Logoff
{E3C1-A9VN96NW-8997JZZV},06/15/2010 07:15:00,TNM0961,PC-2030,Logon
{R7F6-V4TD51ES-9016GWTF},06/15/2010 12:52:54,TNM0961,PC-2030,Logon
{M5T5-J2NL88IZ-0723TSAM},06/15/2010 16:15:00,TNM0961,PC-2030,Logoff
{T3M6-I4FH03WB-6804NUHK},06/16/2010 07:15:00,TNM0961,PC-2030,Logon
{T8Y2-W5EP67CG-9713CUNF},06/16/2010 10:55:33,TNM0961,PC-2030,Logon
{H5T9-C3ML81AG-3516IEOK},06/16/2010 16:15:00,TNM0961,PC-2030,Logoff
{X0W9-L1LS18UA-0358PDNK},06/17/2010 07:15:00,TNM0961,PC-2030,Logon
{O3S8-K5BT48XE-9888XLSU},06/17/2010 12:03:24,TNM0961,PC-2030,Logon
{U2H0-I2WL32XN-8168FBQW},06/17/2010 16:15:00,TNM0961,PC-2030,Logoff
{E9I1-M6YP43RX-0202ZHLQ},06/18/2010 07:15:00,TNM0961,PC-2030,Logon
{C3A0-U5OC80XY-7191GIZF},06/18/2010 11:16:05,TNM0961,PC-2030,Logon
{D8E3-E0RF75NC-8585PJUQ},06/18/2010 16:15:00,TNM0961,PC-2030,Logoff
{J0R4-H3WL80PG-5967CPOH},06/21/2010 07:15:00,TNM0961,PC-2030,Logon
{H1J5-K6NO81JF-7816AJRN},06/21/2010 07:16:54,TNM0961,PC-4124,Logon
{Q4M3-A2RZ33LU-3403QDXV},06/21/2010 07:18:46,TNM0961,PC-4124,Logoff
{I9Q2-W0IG22VU-1504RUSW},06/21/2010 12:30:53,TNM0961,PC-2030,Logon
{Q6J9-E1FN31QM-1831UWOD},06/21/2010 16:20:00,TNM0961,PC-2030,Logoff
{G5U9-Z9ZT86RS-9540FRRA},06/22/2010 07:05:00,TNM0961,PC-2030,Logon
{G1V8-J2PQ15RU-8255CVTS},06/22/2010 12:46:01,TNM0961,PC-2030,Logon
{Z3I5-H4TU85QG-8661UWWL},06/22/2010 16:15:00,TNM0961,PC-2030,Logoff
{E2B5-R1JN85OR-2441EPAX},06/23/2010 07:07:00,TNM0961,PC-2030,Logon
{H1C4-E4CK86SV-5950YLLR},06/23/2010 16:15:00,TNM0961,PC-2030,Logoff
{Y7F0-X9VG19ZA-3848WUZF},06/24/2010 07:15:00,TNM0961,PC-2030,Logon
{W5C3-F8FO88YE-9476RYUU},06/24/2010 12:10:04,TNM0961,PC-2030,Logon
{E4A5-N9ZE01VZ-3023YZXE},06/24/2010 16:15:00,TNM0961,PC-2030,Logoff
{A5X2-A1ZJ34DZ-3336AQDV},06/25/2010 07:04:00,TNM0961,PC-2030,Logon
{Z1H9-J7TE21DV-8292OSJA},06/25/2010 11:37:33,TNM0961,PC-2030,Logon
{F6B8-E2SO24WE-4143YBYV},06/25/2010 16:22:00,TNM0961,PC-2030,Logoff
{D4Y1-N0OQ67DU-4614ISPR},06/28/2010 07:12:00,TNM0961,PC-2030,Logon
{N0T4-D9PF37IQ-0916TNHG},06/28/2010 16:21:00,TNM0961,PC-2030,Logoff
{T6C6-R0VZ35XE-4303KMMR},06/29/2010 07:15:00,TNM0961,PC-2030,Logon
{H8O0-J5PF07CM-3993HJSD},06/29/2010 12:26:51,TNM0961,PC-2030,Logon
{K3C3-O1ZF84YC-9396MUEN},06/29/2010 16:15:00,TNM0961,PC-2030,Logoff
{P1W2-D0WB21VP-1708ZPDB},06/30/2010 07:15:00,TNM0961,PC-2030,Logon
{S8V6-T6IJ39OP-9246KQHH},06/30/2010 12:38:54,TNM0961,PC-2030,Logon
{O1M2-T2KB70GJ-4431AAQY},06/30/2010 16:15:00,TNM0961,PC-2030,Logoff
{K8W7-R6VN50VT-4677XYAU},07/01/2010 07:06:00,TNM0961,PC-2030,Logon
{C2L4-O5VH27VI-1183DWSC},07/01/2010 11:44:39,TNM0961,PC-2030,Logon
{Z5G8-K9PN13CP-0822MKRU},07/01/2010 16:21:00,TNM0961,PC-2030,Logoff
{H8S9-A9DE95WY-0572KVVZ},07/02/2010 07:09:00,TNM0961,PC-2030,Logon
{E4I3-T5ES81UY-7702AQGF},07/02/2010 16:29:00,TNM0961,PC-2030,Logoff
{V6P9-O6EZ43IX-1318EBBM},07/06/2010 07:07:00,TNM0961,PC-2030,Logon
{M6P3-G7DG33TF-1504TYWJ},07/06/2010 07:09:47,TNM0961,PC-4124,Logon
{N0O7-G8RL00SA-6546JXBH},07/06/2010 07:11:45,TNM0961,PC-4124,Logoff
{T5M9-M5FE20VY-3013JAGP},07/06/2010 16:26:00,TNM0961,PC-2030,Logoff
{I5Y5-P4GR18IG-8227GJRG},07/07/2010 07:15:00,TNM0961,PC-2030,Logon
{A7H9-P3CG18HL-7144LWZX},07/07/2010 12:01:44,TNM0961,PC-2030,Logon
{Y8K4-Z4ZE25QI-2288XMWJ},07/07/2010 16:15:00,TNM0961,PC-2030,Logoff
{J2Y2-G1XV86OY-1540SRYN},07/08/2010 07:07:00,TNM0961,PC-2030,Logon
{E2D8-Q7PB71NO-0218NJRW},07/08/2010 16:15:00,TNM0961,PC-2030,Logoff
{J9D3-D6HX28EV-8329QRFP},07/09/2010 07:15:00,TNM0961,PC-2030,Logon
{O6Y5-Q3KB54WA-9820SPQZ},07/09/2010 09:25:55,TNM0961,PC-2030,Logon
{Q9G7-H6RT42WL-3888NSSD},07/09/2010 16:15:00,TNM0961,PC-2030,Logoff
{A3K3-U5GO04SH-2193EHTI},07/12/2010 07:15:00,TNM0961,PC-2030,Logon
{L7N1-B1WW03NC-6199UPDH},07/12/2010 10:53:56,TNM0961,PC-2030,Logon
{T0D3-D7LY74MQ-5225LVVW},07/12/2010 16:15:00,TNM0961,PC-2030,Logoff
{A2W7-T1AP91RH-7774AKNN},07/13/2010 07:15:00,TNM0961,PC-2030,Logon
{H2X3-M6AK36NR-0136KSOL},07/13/2010 10:44:08,TNM0961,PC-2030,Logon
{R6Y6-R1LP51SE-8781XGSZ},07/13/2010 16:17:00,TNM0961,PC-2030,Logoff
{T6B5-X9LV10KP-1008WEOC},07/14/2010 07:15:00,TNM0961,PC-2030,Logon
{K1T2-B0WS20KD-4717SKTB},07/14/2010 11:40:11,TNM0961,PC-2030,Logon
{X2O0-S6EN25AH-0692VYCM},07/14/2010 16:15:00,TNM0961,PC-2030,Logoff
{M2L4-H1UT57BH-4178NJTS},07/15/2010 07:15:00,TNM0961,PC-2030,Logon
{K1D4-J8IC00QR-4748NEYC},07/15/2010 11:34:25,TNM0961,PC-2030,Logon
{Q3E8-V5EW56VZ-8258EYQW},07/15/2010 16:15:00,TNM0961,PC-2030,Logoff
{H0D1-Q9BY90QP-2524XBJU},07/16/2010 07:15:00,TNM0961,PC-2030,Logon
{N9R1-S1JK13MR-5559UXVT},07/16/2010 09:53:37,TNM0961,PC-2030,Logon
{C3W9-Y5QT35SJ-7134KBPV},07/16/2010 16:15:00,TNM0961,PC-2030,Logoff
{H4K1-Q8FE52MS-9628KHMD},07/19/2010 07:15:00,TNM0961,PC-2030,Logon
{V1H5-H5UL42QE-3056JDAK},07/19/2010 12:23:29,TNM0961,PC-2030,Logon
{B4C0-L9YO17PU-9076YDXS},07/19/2010 16:15:00,TNM0961,PC-2030,Logoff
{R1R6-S0YE32LX-0530EBUX},07/20/2010 07:09:00,TNM0961,PC-2030,Logon
{F5F3-O1RY37KK-6618TFJB},07/20/2010 12:25:22,TNM0961,PC-2030,Logon
{A1L5-H1ND99RZ-6635JOWQ},07/20/2010 16:27:00,TNM0961,PC-2030,Logoff
{V1E5-A0PW41TY-4822NYMN},07/21/2010 07:15:00,TNM0961,PC-2030,Logon
{C3C9-P3AS57CW-2045MPFK},07/21/2010 13:08:28,TNM0961,PC-2030,Logon
{L6G5-W9KN69KI-9197WSZP},07/21/2010 16:15:00,TNM0961,PC-2030,Logoff
{C8T1-P9TA96VJ-5438GCKH},07/22/2010 07:00:00,TNM0961,PC-2030,Logon
{V1F3-L2EI57TH-7049RPTU},07/22/2010 10:25:42,TNM0961,PC-3847,Logon
{Q8C8-O2RL66QH-2112FOGA},07/22/2010 10:45:36,TNM0961,PC-3847,Logoff
{M1A9-O0MN78QD-8347QHMC},07/22/2010 11:46:48,TNM0961,PC-2030,Logon
{A6K8-Z0DP75MA-1104WITC},07/22/2010 16:24:00,TNM0961,PC-2030,Logoff
{O0T3-M2IU68OZ-0035DKVX},07/23/2010 07:07:00,TNM0961,PC-2030,Logon
{X9P2-B0KC34PL-6380BLOE},07/23/2010 12:47:49,TNM0961,PC-2030,Logon
{N9O7-E2LW54GA-4221DRXH},07/23/2010 16:21:00,TNM0961,PC-2030,Logoff
{R1O8-Q7CP81LZ-3346COQG},07/26/2010 07:15:00,TNM0961,PC-2030,Logon
{M3H1-G1KS71CS-1827PKOV},07/26/2010 12:37:24,TNM0961,PC-2030,Logon
{O9M8-Q9KC19VL-2804BBGC},07/26/2010 16:15:00,TNM0961,PC-2030,Logoff
{X9F8-Q0PO64ZD-2973EUPG},07/27/2010 07:15:00,TNM0961,PC-2030,Logon
{H1B3-K1HK65IK-9562NCAB},07/27/2010 12:36:08,TNM0961,PC-2030,Logon
{E4B5-H2LZ13UN-4222FUKG},07/27/2010 16:15:00,TNM0961,PC-2030,Logoff
{L4D8-Q4MQ54HF-5972KNDU},07/28/2010 07:15:00,TNM0961,PC-2030,Logon
{B5Q2-H1TO84ZF-7257PLDG},07/28/2010 12:04:52,TNM0961,PC-2030,Logon
{G4R2-X8VL50XX-2560KOZU},07/28/2010 16:15:00,TNM0961,PC-2030,Logoff
{P8T8-F8QI49YE-3629TDXM},07/29/2010 07:15:00,TNM0961,PC-2030,Logon
{J0M5-W9TG73FO-4465WGFP},07/29/2010 16:15:00,TNM0961,PC-2030,Logoff
{U1B4-W0IA44LA-6793VRDQ},07/30/2010 07:15:00,TNM0961,PC-2030,Logon
{M9B9-P8ZL39PB-2956UENW},07/30/2010 09:44:53,TNM0961,PC-2030,Logon
{P8I2-Q7OL39VO-8633EQJM},07/30/2010 16:15:00,TNM0961,PC-2030,Logoff
{L0A0-V1CL01JY-7611BAVI},08/02/2010 07:13:00,TNM0961,PC-2030,Logon
{N0H4-V9VV59IB-2545OXYT},08/02/2010 07:41:41,TNM0961,PC-4124,Logon
{A8G5-M1KQ44BK-5682QASL},08/02/2010 07:43:06,TNM0961,PC-4124,Logoff
{P0W4-T1DW16JM-7458VNDS},08/02/2010 12:34:29,TNM0961,PC-2030,Logon
{C2F4-J7ZW29TB-4253ZBXX},08/02/2010 16:15:00,TNM0961,PC-2030,Logoff
{H8E5-Y6CS66EY-8114JAEM},08/03/2010 07:15:00,TNM0961,PC-2030,Logon
{N4D0-S4WS28EI-2969KWIF},08/03/2010 10:03:08,TNM0961,PC-2030,Logon
{O1Q1-H0CK32HP-8577ZXAO},08/03/2010 16:15:00,TNM0961,PC-2030,Logoff
{F4Y3-T9RU46KN-3709UPNM},08/04/2010 07:15:00,TNM0961,PC-2030,Logon
{U2R3-D9GD20UR-0098FJXC},08/04/2010 16:15:00,TNM0961,PC-2030,Logoff
{S9M4-Z1PB12UQ-2122JYEQ},08/05/2010 07:15:00,TNM0961,PC-2030,Logon
{L7U6-J7RW35SH-6780MVOG},08/05/2010 11:07:40,TNM0961,PC-2030,Logon
{X4P4-O0VZ40NR-9292XMLB},08/05/2010 16:15:00,TNM0961,PC-2030,Logoff
{Z6S0-O2YZ44TT-1079VEJS},08/06/2010 07:15:00,TNM0961,PC-2030,Logon
{O4B3-K3FL74CN-6760FGPV},08/06/2010 12:03:47,TNM0961,PC-2030,Logon
{W0X9-C7OU92FM-0983XXXX},08/06/2010 16:15:00,TNM0961,PC-2030,Logoff
{P8F5-D2LN67UG-9379CWMP},08/09/2010 07:15:00,TNM0961,PC-2030,Logon
{Q0R8-R8KO79GT-9120SXHP},08/09/2010 16:15:00,TNM0961,PC-2030,Logoff
{F9R4-N6QC76LK-5378MANM},08/10/2010 07:00:00,TNM0961,PC-2030,Logon
{H1P1-X2SA30NR-3869QSBH},08/10/2010 12:56:38,TNM0961,PC-2030,Logon
{U8E8-Q0GR74BQ-0963PJFV},08/10/2010 16:26:00,TNM0961,PC-2030,Logoff
{D1P5-A1OW66OZ-2029YNPD},08/11/2010 07:15:00,TNM0961,PC-2030,Logon
{W4V0-V7FG10YV-3605TPCF},08/11/2010 12:21:24,TNM0961,PC-2030,Logon
{K9J2-P1ML82EN-8926MPOP},08/11/2010 16:28:00,TNM0961,PC-2030,Logoff
{Y0Z8-E6VS94PU-1829MHRM},08/12/2010 07:14:00,TNM0961,PC-2030,Logon
{Y1E5-U2SY75IL-8554FZGW},08/12/2010 10:09:40,TNM0961,PC-2030,Logon
{Q5B5-F1UF69FU-2359CMUA},08/12/2010 16:19:00,TNM0961,PC-2030,Logoff
{M0O9-Q7IJ00CJ-1210HOCG},08/13/2010 07:13:00,TNM0961,PC-2030,Logon
{X4L1-C1SJ51OC-8458CTKB},08/13/2010 12:15:38,TNM0961,PC-2030,Logon
{Z3Z8-C2JM12DN-0926ZTEY},08/13/2010 16:15:00,TNM0961,PC-2030,Logoff
{S1H6-T3AC01BO-0634SNTJ},08/16/2010 07:15:00,TNM0961,PC-2030,Logon
{G7A1-N8LB79IJ-0138UOQE},08/16/2010 09:32:38,TNM0961,PC-2030,Logon
{G1N2-K5QQ43OL-6668NVWX},08/16/2010 16:15:00,TNM0961,PC-2030,Logoff
{Y6V0-Z4GX97ZL-5846XCDO},08/17/2010 07:15:00,TNM0961,PC-2030,Logon
{L3G3-M3VS53CS-6562PLDC},08/17/2010 12:29:53,TNM0961,PC-2030,Logon
{W8N9-X4KH29NY-1316HCBO},08/17/2010 16:15:00,TNM0961,PC-2030,Logoff
{B8R6-J4AQ87DY-7730KFWW},08/18/2010 07:13:00,TNM0961,PC-2030,Logon
{Q6X5-T6GH16WN-0208HYQP},08/18/2010 07:15:35,TNM0961,PC-3847,Logon
{T9D0-P0AY75UC-1603NNOT},08/18/2010 07:23:20,TNM0961,PC-3847,Logoff
{O9D3-F3OK56KK-1451NDVC},08/18/2010 16:16:00,TNM0961,PC-2030,Logoff
{M6L3-F1IA49LO-4597AQXN},08/19/2010 07:14:00,TNM0961,PC-2030,Logon
{Z2P4-M2AK00PJ-7734QEUV},08/19/2010 13:03:41,TNM0961,PC-2030,Logon
{J5O5-E4WY39TM-7207MYLD},08/19/2010 16:27:00,TNM0961,PC-2030,Logoff
{Q9Y4-D9TT35TK-0175FPBW},08/20/2010 07:15:00,TNM0961,PC-2030,Logon
{T8Q8-L0RF05IB-1618OVJJ},08/20/2010 09:49:29,TNM0961,PC-2030,Logon
{Z2V7-E3FD40AZ-5419SRVV},08/20/2010 16:15:00,TNM0961,PC-2030,Logoff
{I3H2-L1XN52CY-8643KVDV},08/23/2010 07:04:00,TNM0961,PC-2030,Logon
{K7Y4-N5GK73AU-0177ZVPI},08/23/2010 16:29:00,TNM0961,PC-2030,Logoff
{M2R9-S1ZY01WL-5259MGET},08/24/2010 07:15:00,TNM0961,PC-2030,Logon
{V9W4-C4AV03CR-1521NDSW},08/24/2010 12:13:08,TNM0961,PC-2030,Logon
{C8K6-F4RP07YH-8393GOFK},08/24/2010 16:15:00,TNM0961,PC-2030,Logoff
{Z7J6-V3NK01OV-2430EKXW},08/25/2010 07:15:00,TNM0961,PC-2030,Logon
{N2V4-Z7SC96CH-4332GDXL},08/25/2010 11:23:16,TNM0961,PC-2030,Logon
{O2O8-J0OD38GM-4314XPKC},08/25/2010 16:15:00,TNM0961,PC-2030,Logoff
{T1M0-D0UZ62KB-9353JXCA},08/26/2010 07:15:00,TNM0961,PC-2030,Logon
{C2U7-F0GK24YM-1812SIDT},08/26/2010 08:49:05,TNM0961,PC-2030,Logon
{W1M3-R6VX53BA-5068RJKS},08/26/2010 16:15:00,TNM0961,PC-2030,Logoff
{M6Y8-Z0OP89LX-2281YVEE},08/27/2010 07:15:00,TNM0961,PC-2030,Logon
{Z6W5-W0MI97FC-3641TQXA},08/27/2010 11:26:13,TNM0961,PC-2030,Logon
{P7T8-X9HE04FN-9649ZPPY},08/27/2010 16:15:00,TNM0961,PC-2030,Logoff
{D8O3-R2NR62DC-9617MJJU},08/30/2010 07:15:00,TNM0961,PC-2030,Logon
{M9T8-Z5WE04XB-4954UCBH},08/30/2010 11:16:27,TNM0961,PC-2030,Logon
{L3U6-P4LD28TX-6424OACD},08/30/2010 16:15:00,TNM0961,PC-2030,Logoff
{K2T4-U3XG26HI-0104SQAQ},08/31/2010 07:15:00,TNM0961,PC-2030,Logon
{O6B7-Q1BN29VZ-3069VYAH},08/31/2010 12:39:56,TNM0961,PC-2030,Logon
{Z1D1-M5YP58FW-5546BEGU},08/31/2010 16:15:00,TNM0961,PC-2030,Logoff
{R9A1-D8FX84GB-8137PJZQ},09/01/2010 07:15:00,TNM0961,PC-2030,Logon
{P9Z4-L7WR36SX-9473BIFV},09/01/2010 10:57:28,TNM0961,PC-2030,Logon
{A9I0-O3MX56NH-4981KXXN},09/01/2010 16:15:00,TNM0961,PC-2030,Logoff
{Y4U3-E3DO54EV-3702ODNR},09/02/2010 07:08:00,TNM0961,PC-2030,Logon
{Y6Q7-B0NF65PU-7886LNHI},09/02/2010 12:35:43,TNM0961,PC-2030,Logon
{J2I7-G9ZY66RG-2828JCKR},09/02/2010 16:26:00,TNM0961,PC-2030,Logoff
{X7E7-T6CD84ZK-8837OCIW},09/03/2010 07:11:00,TNM0961,PC-2030,Logon
{J2H9-G9OZ72GQ-2095LWAP},09/03/2010 12:48:10,TNM0961,PC-2030,Logon
{X3N4-B7SW75PH-5361WINK},09/03/2010 16:23:00,TNM0961,PC-2030,Logoff
{T4L9-E5VC53GB-3710XDBA},09/07/2010 07:15:00,TNM0961,PC-2030,Logon
{H6P2-H0VV83VN-6100JYBE},09/07/2010 15:54:13,TNM0961,PC-3847,Logon
{M2S6-G7FO13DO-1486IPRW},09/07/2010 15:56:25,TNM0961,PC-3847,Logoff
{Z3G5-P0XR83WK-5265OEVF},09/07/2010 16:20:00,TNM0961,PC-2030,Logoff
{N6R9-C1DH68RA-1470CGOW},09/08/2010 07:15:00,TNM0961,PC-2030,Logon
{P1W2-Y7TK34PK-8859LLKC},09/08/2010 12:39:42,TNM0961,PC-2030,Logon
{Y8T7-T5NS92WF-1635CRFG},09/08/2010 16:21:00,TNM0961,PC-2030,Logoff
{Z3W6-Q3DJ88MR-1751JJRJ},09/09/2010 07:15:00,TNM0961,PC-2030,Logon
{C0K8-P0VP95JJ-9631TAXQ},09/09/2010 12:24:21,TNM0961,PC-2030,Logon
{R8J2-Q9UC56SS-7900XBBV},09/09/2010 16:21:00,TNM0961,PC-2030,Logoff
{W5I9-E1CB96HX-7595TUCM},09/10/2010 07:15:00,TNM0961,PC-2030,Logon
{F0Q5-Y9NM57RA-5205OZDB},09/10/2010 11:50:53,TNM0961,PC-2030,Logon
{W1G1-U8HY64WW-6911WLMN},09/10/2010 16:15:00,TNM0961,PC-2030,Logoff
{B3J8-H4SL26TP-6378ORRK},09/13/2010 07:01:00,TNM0961,PC-2030,Logon
{T8Z8-N3YF23FR-7351PYXQ},09/13/2010 11:35:41,TNM0961,PC-2030,Logon
{G0W1-L7BT65XV-9545XZTI},09/13/2010 16:18:00,TNM0961,PC-2030,Logoff
{K1T2-Z5OC95LS-5545SUHJ},09/14/2010 07:10:00,TNM0961,PC-2030,Logon
{S3Z3-Z5EZ57AJ-1216ZVWZ},09/14/2010 08:01:34,TNM0961,PC-3847,Logon
{P5M5-I9SV71HV-6123CRFJ},09/14/2010 08:03:05,TNM0961,PC-3847,Logoff
{Q6U4-H2FZ69CG-9939BJWW},09/14/2010 16:24:00,TNM0961,PC-2030,Logoff
{A5Y5-E6UM97XY-5639EYHU},09/15/2010 07:05:00,TNM0961,PC-2030,Logon
{D4U4-R0AS91SY-0554PNHP},09/15/2010 07:17:43,TNM0961,PC-4124,Logon
{F6S9-Y8FZ09CV-8968UMCS},09/15/2010 07:18:47,TNM0961,PC-4124,Logoff
{I2X5-Y1ZC03PZ-9997NZTR},09/15/2010 16:29:00,TNM0961,PC-2030,Logoff
{Y2S1-E6SB21KO-7567QAZH},09/16/2010 07:15:00,TNM0961,PC-2030,Logon
{J6Y0-O9EV90ND-3255YRFV},09/16/2010 12:09:12,TNM0961,PC-2030,Logon
{N9E2-H2VR67WJ-4974HDFY},09/16/2010 16:15:00,TNM0961,PC-2030,Logoff
{O1N8-Y1FS10RN-0965MVPU},09/17/2010 07:15:00,TNM0961,PC-2030,Logon
{T4M0-O2LZ25OD-5481IWFJ},09/17/2010 12:19:57,TNM0961,PC-2030,Logon
{Y3W7-D9GT03PQ-4278OJUH},09/17/2010 16:15:00,TNM0961,PC-2030,Logoff
{G3J2-P3OM00WW-9552GWYB},09/20/2010 07:11:00,TNM0961,PC-2030,Logon
{D5P9-Z8VV99KT-0177UJEI},09/20/2010 12:20:12,TNM0961,PC-2030,Logon
{Z6V2-G1GN50TX-6380REDT},09/20/2010 16:17:00,TNM0961,PC-2030,Logoff
{C9M8-D4JM93OF-4942FXTP},09/21/2010 07:09:00,TNM0961,PC-2030,Logon
{Y4P8-Q4YW25PN-4856MKXO},09/21/2010 12:16:46,TNM0961,PC-2030,Logon
{Z4I5-V5GW33LJ-2327HNDM},09/21/2010 16:24:00,TNM0961,PC-2030,Logoff
{U7G6-E3FE57SC-8782OQRH},09/22/2010 07:15:00,TNM0961,PC-2030,Logon
{F0A0-N6QO56TO-9977HXMY},09/22/2010 09:20:39,TNM0961,PC-4124,Logon
{U4D6-D5LL82EC-9733CTCV},09/22/2010 09:26:56,TNM0961,PC-4124,Logoff
{N3I2-C8BT52SI-5876GLKJ},09/22/2010 12:35:11,TNM0961,PC-2030,Logon
{W0K4-H3UQ92JW-5326VQHM},09/22/2010 16:19:00,TNM0961,PC-2030,Logoff
{Z8E8-L4LZ69MX-8484TLXW},09/23/2010 07:15:00,TNM0961,PC-2030,Logon
{Q6G6-R3RC90TL-7536EKPG},09/23/2010 12:12:28,TNM0961,PC-2030,Logon
{L3H5-C9UX21VR-9692RKMS},09/23/2010 16:15:00,TNM0961,PC-2030,Logoff
{Y0Z2-Q5JD92PJ-7374CEMY},09/24/2010 07:15:00,TNM0961,PC-2030,Logon
{V3F1-W3FU76PI-4131GOWG},09/24/2010 12:45:00,TNM0961,PC-2030,Logon
{W5V9-F3OR73UN-9694BWRX},09/24/2010 16:15:00,TNM0961,PC-2030,Logoff
{A6O7-G5QX74ZB-4553CJAG},09/27/2010 07:05:00,TNM0961,PC-2030,Logon
{U3Q5-L3MA36HO-3937YBER},09/27/2010 13:04:26,TNM0961,PC-2030,Logon
{U6U6-L5QD26YP-7980GZNN},09/27/2010 16:15:00,TNM0961,PC-2030,Logoff
{U9R5-U9YP44GB-1342QJSV},09/28/2010 07:03:00,TNM0961,PC-2030,Logon
{X2A0-D2KF14JM-5021JSSM},09/28/2010 11:49:32,TNM0961,PC-2030,Logon
{J3W2-N6OO19CK-1200DYFC},09/28/2010 16:30:00,TNM0961,PC-2030,Logoff
{E3W4-J5XH35HZ-8429NTNJ},09/29/2010 07:14:00,TNM0961,PC-2030,Logon
{N5S8-U9NU39NE-3451GVFL},09/29/2010 16:19:00,TNM0961,PC-2030,Logoff
{X6X1-E1SB36LR-8478CXPD},09/30/2010 07:13:00,TNM0961,PC-2030,Logon
{F5R4-F1GU68KX-6681IVYP},09/30/2010 12:20:17,TNM0961,PC-2030,Logon
{Y8S7-F4VS16HM-6258GOWA},09/30/2010 16:15:00,TNM0961,PC-2030,Logoff
{E2K9-T2JY81TS-8298BXUC},10/01/2010 07:13:00,TNM0961,PC-2030,Logon
{H0R7-B6TB54YI-4604KMIR},10/01/2010 10:25:14,TNM0961,PC-3847,Logon
{C2A3-E6GZ46PR-0726EZQP},10/01/2010 10:29:25,TNM0961,PC-3847,Logoff
{D0G0-B6CA75DS-0324DFJA},10/01/2010 11:25:22,TNM0961,PC-2030,Logon
{M8Z2-N0WB55TU-1084NAMJ},10/01/2010 16:25:00,TNM0961,PC-2030,Logoff
{U2O6-Z1US63NH-7366IEAV},10/04/2010 07:03:00,TNM0961,PC-2030,Logon
{G4O7-M8OD26XH-6861JDNB},10/04/2010 12:20:53,TNM0961,PC-2030,Logon
{W6L3-U1DD18PJ-2519ZBLC},10/04/2010 16:15:00,TNM0961,PC-2030,Logoff
{W8N2-I5ML79LP-7272MWBC},10/05/2010 07:05:00,TNM0961,PC-2030,Logon
{U3B8-F9DA97GV-5565JWXW},10/05/2010 10:39:23,TNM0961,PC-2030,Logon
{W5Q3-Y0TE97VD-6139GMDO},10/05/2010 16:28:00,TNM0961,PC-2030,Logoff
{E8P2-E9JT88UY-7991CBSL},10/06/2010 07:15:00,TNM0961,PC-2030,Logon
{E4D8-U1MO42ZE-4739AVZY},10/06/2010 12:15:59,TNM0961,PC-2030,Logon
{D9Q6-J6TX47DI-0054DBOS},10/06/2010 16:15:00,TNM0961,PC-2030,Logoff
{Q5Y1-M2FD66IQ-3498TPMU},10/07/2010 07:10:00,TNM0961,PC-2030,Logon
{C0D2-C3SN32BT-9937OQOX},10/07/2010 12:58:05,TNM0961,PC-2030,Logon
{O6Z0-J8FI75GQ-8600KLRR},10/07/2010 16:27:00,TNM0961,PC-2030,Logoff
{T0B9-H2IJ92BG-4466CMYA},10/08/2010 07:15:00,TNM0961,PC-2030,Logon
{D7D9-E0EA65UW-1426KVJF},10/08/2010 11:52:24,TNM0961,PC-2030,Logon
{V9D3-D0EA70LS-4775ORBQ},10/08/2010 16:15:00,TNM0961,PC-2030,Logoff
{N3L2-H0TK90WV-3324PXHV},10/11/2010 07:15:00,TNM0961,PC-2030,Logon
{K4C2-E9DC77GN-7500TMNI},10/11/2010 12:22:49,TNM0961,PC-2030,Logon
{U1V3-D8AW73WM-9351CPLU},10/11/2010 16:15:00,TNM0961,PC-2030,Logoff
{R6P6-J6SC62MO-2497DXFR},10/12/2010 07:15:00,TNM0961,PC-2030,Logon
{Q9M5-B8LR65VK-6252PVIJ},10/12/2010 10:57:14,TNM0961,PC-2030,Logon
{T7J6-Y0UF80YP-0781YJUY},10/12/2010 16:15:00,TNM0961,PC-2030,Logoff
{Y6G9-C2BD27DY-0639QJDV},10/13/2010 07:05:00,TNM0961,PC-2030,Logon
{D2S8-W1FB94ZU-9623HSOW},10/13/2010 12:15:52,TNM0961,PC-2030,Logon
{M4Q7-T4QO49TI-9303GQBV},10/13/2010 15:42:58,TNM0961,PC-4124,Logon
{E2X4-A5UM08VB-7786TUKH},10/13/2010 15:55:32,TNM0961,PC-4124,Logoff
{L7L3-Q1YK49FG-6057UOGH},10/13/2010 16:15:00,TNM0961,PC-2030,Logoff
{L4I8-J1SN74LE-8343UQJZ},10/14/2010 07:01:00,TNM0961,PC-2030,Logon
{Y1D6-A8RR67VX-0143EXAB},10/14/2010 10:08:17,TNM0961,PC-2030,Logon
{S6R0-H2RI73UH-7004XWQM},10/14/2010 16:30:00,TNM0961,PC-2030,Logoff
{L3O1-F5SK14FF-7851VWEL},10/15/2010 07:02:00,TNM0961,PC-2030,Logon
{E8C9-T0CS79SP-4783WRGK},10/15/2010 09:46:27,TNM0961,PC-2030,Logon
{Q1H7-I9OI23XP-6771FRZJ},10/15/2010 16:24:00,TNM0961,PC-2030,Logoff
{Z0F7-D2SO94ZC-1893WMIG},10/18/2010 07:08:00,TNM0961,PC-2030,Logon
{R7Z9-P4KO15VC-5615RGAI},10/18/2010 12:32:19,TNM0961,PC-2030,Logon
{I9V6-B5DK98TB-8290BFLM},10/18/2010 16:15:00,TNM0961,PC-2030,Logoff
{P7I9-G8GO43MI-8819XUCD},10/19/2010 07:08:00,TNM0961,PC-2030,Logon
{I0Y3-R4RG53FQ-3436WYBD},10/19/2010 08:51:47,TNM0961,PC-3847,Logon
{V9W9-X0AK61PM-6827RCZA},10/19/2010 08:53:00,TNM0961,PC-3847,Logoff
{Y2U5-U1KX22WW-6403HNUA},10/19/2010 16:29:00,TNM0961,PC-2030,Logoff
{F3U4-R2TX57YM-5235QCFA},10/20/2010 07:08:00,TNM0961,PC-2030,Logon
{O9Z1-X0XG36YS-4088LIGU},10/20/2010 10:19:08,TNM0961,PC-3847,Logon
{H7V9-M6XN67JL-2341PDMN},10/20/2010 10:20:13,TNM0961,PC-3847,Logoff
{O6I3-H0LM00EL-7069SBYK},10/20/2010 12:58:10,TNM0961,PC-2030,Logon
{E6C0-J3MK60WP-0222IEQE},10/20/2010 16:27:00,TNM0961,PC-2030,Logoff
{I4A9-L8DO83YZ-9913EPHZ},10/21/2010 07:15:00,TNM0961,PC-2030,Logon
{Y5T9-A2ZD19TG-0277LKNN},10/21/2010 07:16:32,TNM0961,PC-4124,Logon
{E3F3-O7WW27LM-0333OKTC},10/21/2010 07:18:43,TNM0961,PC-4124,Logoff
{F7W4-Z4XN20NM-8124ILPL},10/21/2010 16:15:00,TNM0961,PC-2030,Logoff
{B0K6-E4EI01JU-4286XLXW},10/22/2010 07:15:00,TNM0961,PC-2030,Logon
{J3A7-H5NO84QC-2951PNMW},10/22/2010 13:04:39,TNM0961,PC-2030,Logon
{F4P8-C2BG12FE-3545FUKR},10/22/2010 16:15:00,TNM0961,PC-2030,Logoff
{E0M6-M2IO09XO-8624VDWF},10/25/2010 07:15:00,TNM0961,PC-2030,Logon
{A4G3-S1BM94CC-4329YTLC},10/25/2010 11:43:08,TNM0961,PC-2030,Logon
{R5N4-D7OM15BW-7619IJPL},10/25/2010 16:15:00,TNM0961,PC-2030,Logoff
{Q1T4-D6PN41BQ-3269DDME},10/26/2010 07:03:00,TNM0961,PC-2030,Logon
{I0D5-E5HR72OF-8910VAUJ},10/26/2010 11:35:43,TNM0961,PC-2030,Logon
{Q8S1-R7PC49OD-0811EDPI},10/26/2010 16:29:00,TNM0961,PC-2030,Logoff
{T4L4-J3NT85OB-8340VLNP},10/27/2010 07:15:00,TNM0961,PC-2030,Logon
{V3R8-C5DG20RO-6842FGEK},10/27/2010 11:28:26,TNM0961,PC-3847,Logon
{E2A5-D9VQ97FP-8828DNPN},10/27/2010 11:42:53,TNM0961,PC-3847,Logoff
{Z4F7-V7KZ03ZS-3247YLDT},10/27/2010 16:15:00,TNM0961,PC-2030,Logoff
{X6H7-F6EU48ST-3604DYDD},10/28/2010 07:13:00,TNM0961,PC-2030,Logon
{F9J1-V5CR93HR-9651QMNL},10/28/2010 15:45:59,TNM0961,PC-3847,Logon
{K4A8-A0RH40GR-4451QPWR},10/28/2010 16:27:48,TNM0961,PC-3847,Logoff
{U3P4-D8YK03HM-6320KEGL},10/28/2010 16:30:00,TNM0961,PC-2030,Logoff
{X0J1-B0IZ62ZL-4765ZDBD},10/29/2010 07:09:00,TNM0961,PC-2030,Logon
{P4R3-C0BT88CG-5901CDCP},10/29/2010 12:01:23,TNM0961,PC-2030,Logon
{U5Q1-J3IV53JK-3157BRVH},10/29/2010 16:24:00,TNM0961,PC-2030,Logoff
{N0D6-N6CH65PY-7177VXCL},11/01/2010 07:15:00,TNM0961,PC-2030,Logon
{F7H2-E1AL88NE-6431AUQS},11/01/2010 10:45:16,TNM0961,PC-2030,Logon
{P3Z4-H8IN90TP-9490ADLV},11/01/2010 16:15:00,TNM0961,PC-2030,Logoff
{U4F7-L3OR27DW-1006AZAR},11/02/2010 07:13:00,TNM0961,PC-2030,Logon
{J2H8-W2SL98FQ-2516EXIY},11/02/2010 12:15:33,TNM0961,PC-2030,Logon
{F4X4-T9KX24VM-2771SNXD},11/02/2010 13:42:12,TNM0961,PC-4124,Logon
{S8V3-I5WE43NO-3665PBKD},11/02/2010 13:43:53,TNM0961,PC-4124,Logoff
{Y2E9-V8LL74WZ-9333XZGE},11/02/2010 16:22:00,TNM0961,PC-2030,Logoff
{F0D0-E4ST34WJ-8951VWHX},11/03/2010 07:15:00,TNM0961,PC-2030,Logon
{U8V2-N5QP13CH-3710OICH},11/03/2010 07:16:00,TNM0961,PC-4124,Logon
{C1P3-R3XU37UN-4154POPP},11/03/2010 07:17:00,TNM0961,PC-4124,Logoff
{G0K0-W8XJ35DL-8681UFPW},11/03/2010 16:15:00,TNM0961,PC-2030,Logoff
{C2A9-D2FE39XQ-4705IBQU},11/04/2010 07:15:00,TNM0961,PC-2030,Logon
{B2Y6-Q7YP66XJ-1788NXHM},11/04/2010 10:51:33,TNM0961,PC-2030,Logon
{Z9Y8-R0QQ03FP-4846JMKD},11/04/2010 16:15:00,TNM0961,PC-2030,Logoff
{Q6Q2-F2RV03DX-1272EIYD},11/05/2010 07:10:00,TNM0961,PC-2030,Logon
{W1F7-D8ZU57QK-2472ZNNE},11/05/2010 16:15:00,TNM0961,PC-2030,Logoff
{P3X6-S0KJ17RF-0029SFQW},11/08/2010 07:01:00,TNM0961,PC-2030,Logon
{H3A4-L3ZC57YF-4199YCFK},11/08/2010 07:02:29,TNM0961,PC-4124,Logon
{M0R5-T4WK88MG-5054KJMN},11/08/2010 07:05:03,TNM0961,PC-4124,Logoff
{E5H8-M8UH12QQ-9870RFEQ},11/08/2010 16:22:00,TNM0961,PC-2030,Logoff
{F7P5-N0NX70OB-4119QWZX},11/09/2010 07:15:00,TNM0961,PC-2030,Logon
{G0U1-E0PL04MO-1980WSGQ},11/09/2010 12:23:20,TNM0961,PC-2030,Logon
{H3T7-P8JV32JM-0808EFQS},11/09/2010 16:15:00,TNM0961,PC-2030,Logoff
{X6Q1-O8SG49QL-3902LELT},11/10/2010 07:15:00,TNM0961,PC-2030,Logon
{K4X9-C8SC00KH-9975XSKC},11/10/2010 14:03:28,TNM0961,PC-3847,Logon
{H8U4-S8XG30WH-6631CQXB},11/10/2010 14:04:48,TNM0961,PC-3847,Logoff
{R5V5-F2SQ24MM-8031CUCM},11/10/2010 16:17:00,TNM0961,PC-2030,Logoff
{W7E0-M7WO87LZ-0802MFCT},11/11/2010 07:00:00,TNM0961,PC-2030,Logon
{D2P6-O3IK88HK-0148RYVC},11/11/2010 09:05:45,TNM0961,PC-2030,Logon
{E2G0-Y1OQ19DY-9607SFUO},11/11/2010 16:24:00,TNM0961,PC-2030,Logoff
{B2Y8-U7EL11CK-9455TFGD},11/12/2010 07:07:00,TNM0961,PC-2030,Logon
{B0F9-F9MH72TR-9587EBKX},11/12/2010 16:15:00,TNM0961,PC-2030,Logoff
{A7E8-F7GB93OB-3945GJOS},11/15/2010 07:15:00,TNM0961,PC-2030,Logon
{J8S3-N0HU97VA-8025QVIA},11/15/2010 07:23:38,TNM0961,PC-4124,Logon
{G7S8-Z4AG09UN-5949LLNI},11/15/2010 07:33:37,TNM0961,PC-4124,Logoff
{K7C5-Q1OZ00XT-1232JSFQ},11/15/2010 13:13:22,TNM0961,PC-2030,Logon
{Q0J6-H4CW82II-7971ZHWK},11/15/2010 16:17:00,TNM0961,PC-2030,Logoff
{W2M2-M1YK47XP-2368WTJC},11/16/2010 07:08:00,TNM0961,PC-2030,Logon
{G3M4-I9BC81FT-2694XCMG},11/16/2010 11:37:54,TNM0961,PC-2030,Logon
{M7H0-K9VF54TR-0099JEQI},11/16/2010 16:21:00,TNM0961,PC-2030,Logoff
{F5K0-C3VP80FX-7537LMKS},11/17/2010 07:08:00,TNM0961,PC-2030,Logon
{M2A3-W3YO07KY-6983MIYR},11/17/2010 16:15:00,TNM0961,PC-2030,Logoff
{T0C5-L7JY90IA-9659JITY},11/18/2010 07:15:00,TNM0961,PC-2030,Logon
{X0U8-B2OA52OY-3635JHLL},11/18/2010 15:25:19,TNM0961,PC-3847,Logon
{Z9V6-I2BV30RD-7248MRHW},11/18/2010 15:29:53,TNM0961,PC-3847,Logoff
{A8Q6-I2TU33SO-4647BDTZ},11/18/2010 16:27:00,TNM0961,PC-2030,Logoff
{I0O1-K6PC95EO-9752IYHX},11/19/2010 07:15:00,TNM0961,PC-2030,Logon
{T4P7-U6PN58NM-6378MCSW},11/19/2010 12:07:29,TNM0961,PC-2030,Logon
{J3U2-B2GU80UA-2186ADJR},11/19/2010 16:15:00,TNM0961,PC-2030,Logoff
{A2J7-F9AS47KH-8355VBRS},11/22/2010 07:15:00,TNM0961,PC-2030,Logon
{K6K6-O8RD90AI-2654HZCI},11/22/2010 13:49:42,TNM0961,PC-3847,Logon
{V7C7-W1XC69YV-8518CKAU},11/22/2010 14:47:42,TNM0961,PC-3847,Logoff
{V3J8-Z2XQ52BJ-9994HSNA},11/22/2010 16:19:00,TNM0961,PC-2030,Logoff
{J4H6-V2WR16EL-7752MGOH},11/23/2010 07:14:00,TNM0961,PC-2030,Logon
{C0O2-O6KV14NY-0269CWTA},11/23/2010 11:19:18,TNM0961,PC-3847,Logon
{Y0W0-X1UP76IW-4768XCXW},11/23/2010 11:24:33,TNM0961,PC-3847,Logoff
{Z0M2-F8QH68EW-5735DSLQ},11/23/2010 16:24:00,TNM0961,PC-2030,Logoff
{E3A2-Z6XL05CB-1011YHVG},11/24/2010 07:10:00,TNM0961,PC-2030,Logon
{E7M4-Q5VC62CR-1081BPCY},11/24/2010 16:27:00,TNM0961,PC-2030,Logoff
{V0M2-Y2CY31XD-9589DSHT},11/29/2010 07:11:00,TNM0961,PC-2030,Logon
{S6Y5-V4RZ99MR-2484HLTS},11/29/2010 07:18:25,TNM0961,PC-4124,Logon
{X6Q7-A2TO03LG-8646DYNT},11/29/2010 07:23:30,TNM0961,PC-4124,Logoff
{Z1K2-S7GY57FA-0106VZIE},11/29/2010 12:28:56,TNM0961,PC-2030,Logon
{T0D5-L2QH58EI-8420NTRY},11/29/2010 16:15:00,TNM0961,PC-2030,Logoff
{Q2I3-Z2FZ34VH-6396PJDQ},11/30/2010 07:15:00,TNM0961,PC-2030,Logon
{J9M8-L9DJ53OB-6770DBVV},11/30/2010 11:16:46,TNM0961,PC-2030,Logon
{L1R0-K4JY68IO-6620UMYJ},11/30/2010 16:15:00,TNM0961,PC-2030,Logoff
{N9S2-T1LQ35PZ-1174GINY},12/01/2010 07:15:00,TNM0961,PC-2030,Logon
{I7K7-T7JA32DY-9277XQRB},12/01/2010 09:53:22,TNM0961,PC-2030,Logon
{E8T4-F1EX67WB-8812QEIB},12/01/2010 16:15:00,TNM0961,PC-2030,Logoff
{C3U1-Z8NY86TB-9324FYSS},12/02/2010 07:00:00,TNM0961,PC-2030,Logon
{N0T8-L7LX97LP-2330DZON},12/02/2010 12:36:33,TNM0961,PC-2030,Logon
{I6V1-R5RI76AV-3054XUHE},12/02/2010 16:15:00,TNM0961,PC-2030,Logoff
{B9G6-A7IP04YS-7844UMFX},12/03/2010 07:11:00,TNM0961,PC-2030,Logon
{W8D4-R7PF23KE-2269JPEC},12/03/2010 12:23:04,TNM0961,PC-2030,Logon
{O2E8-Z5TU87GQ-8685BCQN},12/03/2010 16:17:00,TNM0961,PC-2030,Logoff
{Q3M6-Y3TT33ZO-0497PNOC},12/06/2010 07:02:00,TNM0961,PC-2030,Logon
{F5I1-E4QJ50MX-3644CNFY},12/06/2010 16:18:00,TNM0961,PC-2030,Logoff
{K8Y2-E0AB41BE-3547ZWJJ},12/07/2010 07:15:00,TNM0961,PC-2030,Logon
{D1E9-H6CY52RA-8549ANSC},12/07/2010 12:27:03,TNM0961,PC-2030,Logon
{O5O9-O0YP25QW-0395IRXP},12/07/2010 16:24:00,TNM0961,PC-2030,Logoff
{J4K0-T3UF25MK-7800DWLZ},12/08/2010 07:04:00,TNM0961,PC-2030,Logon
{O7G1-F7TE62YE-4554PWDN},12/08/2010 11:23:58,TNM0961,PC-2030,Logon
{T7A9-L5DU26JP-4860YRSK},12/08/2010 16:27:00,TNM0961,PC-2030,Logoff
{M4H1-O2SZ13PL-8072EUZR},12/09/2010 07:15:00,TNM0961,PC-2030,Logon
{L4H8-N1EI02GS-3119USBZ},12/09/2010 08:08:28,TNM0961,PC-3847,Logon
{U9X8-R2RU47HU-7281SEFG},12/09/2010 08:14:39,TNM0961,PC-3847,Logoff
{B4F2-U5AF38LY-1800RVVQ},12/09/2010 12:39:31,TNM0961,PC-2030,Logon
{G0L4-D4HO78CB-7997QTQP},12/09/2010 16:15:00,TNM0961,PC-2030,Logoff
{S0I6-Q9SI25CO-2290WBLU},12/10/2010 07:07:00,TNM0961,PC-2030,Logon
{T4M2-K3YG38SW-1101RZTA},12/10/2010 11:20:41,TNM0961,PC-2030,Logon
{D0E0-E9WN38ZF-5578HXKT},12/10/2010 16:26:00,TNM0961,PC-2030,Logoff
{P5K2-A6YT57KH-5456EFGM},12/13/2010 07:12:00,TNM0961,PC-2030,Logon
{C1P2-W7ZX20XF-1096USRQ},12/13/2010 07:13:26,TNM0961,PC-4124,Logon
{E4E0-H4DD03NQ-2773OKSQ},12/13/2010 07:14:42,TNM0961,PC-4124,Logoff
{L2H7-H9KX39DM-3842QREJ},12/13/2010 16:22:00,TNM0961,PC-2030,Logoff
