01/05/2010 07:24:42,TNM0961,PC-2030,Connect
01/05/2010 08:06:54,TNM0961,PC-2030,Disconnect
01/05/2010 14:22:50,TNM0961,PC-2030,Connect
01/05/2010 14:22:55,TNM0961,PC-2030,Disconnect
01/06/2010 09:37:32,TNM0961,PC-2030,Connect
01/06/2010 10:26:00,TNM0961,PC-2030,Disconnect
01/07/2010 08:38:29,TNM0961,PC-2030,Connect
01/07/2010 08:41:29,TNM0961,PC-2030,Disconnect
01/07/2010 08:51:55,TNM0961,PC-2030,Connect
01/07/2010 09:30:25,TNM0961,PC-2030,Disconnect
01/08/2010 12:48:48,TNM0961,PC-2030,Connect
01/08/2010 13:22:08,TNM0961,PC-2030,Disconnect
01/08/2010 14:16:05,TNM0961,PC-2030,Connect
01/08/2010 15:17:09,TNM0961,PC-2030,Disconnect
01/11/2010 07:27:42,TNM0961,PC-2030,Connect
01/11/2010 08:09:50,TNM0961,PC-2030,Disconnect
01/11/2010 08:25:23,TNM0961,PC-2030,Connect
01/11/2010 09:29:21,TNM0961,PC-2030,Disconnect
01/11/2010 12:43:53,TNM0961,PC-2030,Connect
01/11/2010 12:53:38,TNM0961,PC-2030,Disconnect
01/11/2010 14:03:36,TNM0961,PC-2030,Connect
01/11/2010 14:31:38,TNM0961,PC-2030,Disconnect
01/12/2010 12:07:35,TNM0961,PC-2030,Connect
01/12/2010 12:44:31,TNM0961,PC-2030,Disconnect
01/12/2010 13:24:46,TNM0961,PC-2030,Connect
01/12/2010 13:49:56,TNM0961,PC-2030,Disconnect
01/13/2010 07:47:08,TNM0961,PC-2030,Connect
01/13/2010 08:30:37,TNM0961,PC-2030,Disconnect
01/13/2010 13:15:34,TNM0961,PC-2030,Connect
01/13/2010 14:11:12,TNM0961,PC-2030,Disconnect
01/13/2010 14:50:10,TNM0961,PC-2030,Connect
01/13/2010 14:59:48,TNM0961,PC-2030,Disconnect
01/14/2010 09:56:40,TNM0961,PC-2030,Connect
01/14/2010 10:51:27,TNM0961,PC-2030,Disconnect
01/14/2010 11:25:46,TNM0961,PC-2030,Connect
01/14/2010 11:26:01,TNM0961,PC-2030,Disconnect
01/14/2010 13:06:38,TNM0961,PC-2030,Connect
01/14/2010 13:32:52,TNM0961,PC-2030,Disconnect
01/15/2010 12:04:47,TNM0961,PC-2030,Connect
01/15/2010 12:39:39,TNM0961,PC-2030,Disconnect
01/15/2010 14:46:54,TNM0961,PC-2030,Connect
01/15/2010 14:59:58,TNM0961,PC-2030,Disconnect
01/18/2010 10:15:15,TNM0961,PC-2030,Connect
01/18/2010 10:16:38,TNM0961,PC-2030,Disconnect
01/18/2010 11:58:07,TNM0961,PC-2030,Connect
01/18/2010 12:21:27,TNM0961,PC-2030,Disconnect
01/18/2010 14:11:02,TNM0961,PC-2030,Connect
01/18/2010 14:46:11,TNM0961,PC-2030,Disconnect
01/19/2010 07:32:14,TNM0961,PC-2030,Connect
01/19/2010 07:45:18,TNM0961,PC-2030,Disconnect
01/19/2010 08:01:11,TNM0961,PC-2030,Connect
01/19/2010 08:10:03,TNM0961,PC-2030,Disconnect
01/20/2010 12:07:40,TNM0961,PC-2030,Connect
01/20/2010 13:25:42,TNM0961,PC-2030,Disconnect
01/20/2010 15:06:07,TNM0961,PC-2030,Connect
01/20/2010 15:16:01,TNM0961,PC-2030,Disconnect
01/21/2010 08:50:34,TNM0961,PC-2030,Connect
01/21/2010 09:14:59,TNM0961,PC-2030,Disconnect
01/21/2010 13:00:52,TNM0961,PC-2030,Connect
01/21/2010 13:02:17,TNM0961,PC-2030,Disconnect
01/21/2010 15:40:08,TNM0961,PC-2030,Connect
01/21/2010 15:41:37,TNM0961,PC-2030,Disconnect
01/22/2010 15:06:07,TNM0961,PC-2030,Connect
01/22/2010 15:35:48,TNM0961,PC-2030,Disconnect
01/25/2010 10:35:20,TNM0961,PC-2030,Connect
01/25/2010 11:39:41,TNM0961,PC-2030,Disconnect
01/25/2010 13:43:48,TNM0961,PC-2030,Connect
01/25/2010 14:00:28,TNM0961,PC-2030,Disconnect
01/26/2010 08:02:00,TNM0961,PC-2030,Connect
01/26/2010 08:25:16,TNM0961,PC-2030,Disconnect
01/26/2010 08:25:26,TNM0961,PC-2030,Connect
01/26/2010 08:35:50,TNM0961,PC-2030,Disconnect
01/26/2010 13:19:28,TNM0961,PC-2030,Connect
01/26/2010 13:22:57,TNM0961,PC-2030,Disconnect
01/27/2010 08:11:00,TNM0961,PC-2030,Connect
01/27/2010 10:15:07,TNM0961,PC-2030,Disconnect
01/27/2010 12:32:52,TNM0961,PC-2030,Connect
01/27/2010 13:59:56,TNM0961,PC-2030,Disconnect
01/28/2010 08:45:48,TNM0961,PC-2030,Connect
01/28/2010 08:55:19,TNM0961,PC-2030,Disconnect
01/28/2010 11:28:52,TNM0961,PC-2030,Connect
01/28/2010 11:35:55,TNM0961,PC-2030,Disconnect
01/28/2010 14:30:31,TNM0961,PC-2030,Connect
01/28/2010 14:49:17,TNM0961,PC-2030,Disconnect
01/29/2010 10:15:44,TNM0961,PC-2030,Connect
01/29/2010 10:18:32,TNM0961,PC-2030,Disconnect
02/01/2010 08:20:51,TNM0961,PC-2030,Connect
02/01/2010 08:23:07,TNM0961,PC-2030,Disconnect
02/01/2010 09:05:51,TNM0961,PC-2030,Connect
02/01/2010 09:23:37,TNM0961,PC-2030,Disconnect
02/02/2010 07:55:35,TNM0961,PC-2030,Connect
02/02/2010 08:16:56,TNM0961,PC-2030,Disconnect
02/03/2010 08:56:08,TNM0961,PC-2030,Connect
02/03/2010 08:57:26,TNM0961,PC-2030,Disconnect
02/03/2010 12:56:38,TNM0961,PC-2030,Connect
02/03/2010 12:59:00,TNM0961,PC-2030,Disconnect
02/04/2010 11:09:47,TNM0961,PC-2030,Connect
02/04/2010 11:27:45,TNM0961,PC-2030,Disconnect
02/05/2010 12:47:27,TNM0961,PC-2030,Connect
02/05/2010 12:47:45,TNM0961,PC-2030,Disconnect
02/05/2010 12:58:36,TNM0961,PC-2030,Connect
02/05/2010 13:23:09,TNM0961,PC-2030,Disconnect
02/08/2010 07:35:29,TNM0961,PC-2030,Connect
02/08/2010 08:09:25,TNM0961,PC-2030,Disconnect
02/08/2010 10:56:51,TNM0961,PC-2030,Connect
02/08/2010 12:05:28,TNM0961,PC-2030,Disconnect
02/08/2010 12:32:15,TNM0961,PC-2030,Connect
02/08/2010 12:38:24,TNM0961,PC-2030,Disconnect
02/09/2010 12:44:30,TNM0961,PC-2030,Connect
02/09/2010 15:33:58,TNM0961,PC-2030,Connect
02/09/2010 15:52:59,TNM0961,PC-2030,Disconnect
02/10/2010 09:21:23,TNM0961,PC-2030,Connect
02/10/2010 09:56:45,TNM0961,PC-2030,Disconnect
02/10/2010 10:59:26,TNM0961,PC-2030,Connect
02/10/2010 11:04:00,TNM0961,PC-2030,Disconnect
02/12/2010 11:04:51,TNM0961,PC-2030,Connect
02/12/2010 11:31:15,TNM0961,PC-2030,Disconnect
02/12/2010 15:37:25,TNM0961,PC-2030,Connect
02/12/2010 15:44:34,TNM0961,PC-2030,Disconnect
02/15/2010 10:09:06,TNM0961,PC-2030,Connect
02/15/2010 10:17:03,TNM0961,PC-2030,Disconnect
02/15/2010 10:43:16,TNM0961,PC-2030,Connect
02/15/2010 11:07:26,TNM0961,PC-2030,Disconnect
02/15/2010 14:23:39,TNM0961,PC-2030,Connect
02/15/2010 14:55:22,TNM0961,PC-2030,Disconnect
02/15/2010 15:33:02,TNM0961,PC-2030,Connect
02/15/2010 15:49:57,TNM0961,PC-2030,Disconnect
02/16/2010 15:00:59,TNM0961,PC-2030,Connect
02/16/2010 15:07:43,TNM0961,PC-2030,Disconnect
02/17/2010 11:21:59,TNM0961,PC-2030,Connect
02/17/2010 11:25:15,TNM0961,PC-2030,Disconnect
02/18/2010 15:46:30,TNM0961,PC-2030,Connect
02/18/2010 16:14:27,TNM0961,PC-2030,Disconnect
02/19/2010 14:56:38,TNM0961,PC-2030,Connect
02/19/2010 15:18:38,TNM0961,PC-2030,Disconnect
02/22/2010 08:03:43,TNM0961,PC-2030,Connect
02/22/2010 08:16:32,TNM0961,PC-2030,Disconnect
02/22/2010 08:44:52,TNM0961,PC-2030,Connect
02/22/2010 08:58:50,TNM0961,PC-2030,Disconnect
02/22/2010 15:56:24,TNM0961,PC-2030,Connect
02/22/2010 16:21:20,TNM0961,PC-2030,Disconnect
02/23/2010 09:09:10,TNM0961,PC-2030,Connect
02/23/2010 10:04:24,TNM0961,PC-2030,Disconnect
02/24/2010 07:47:07,TNM0961,PC-2030,Connect
02/24/2010 07:48:34,TNM0961,PC-2030,Disconnect
02/24/2010 08:58:50,TNM0961,PC-2030,Connect
02/24/2010 09:12:32,TNM0961,PC-2030,Disconnect
02/24/2010 10:20:45,TNM0961,PC-2030,Connect
02/24/2010 10:34:19,TNM0961,PC-2030,Disconnect
02/25/2010 08:32:59,TNM0961,PC-2030,Connect
02/25/2010 08:36:30,TNM0961,PC-2030,Disconnect
02/25/2010 08:39:56,TNM0961,PC-2030,Connect
02/25/2010 08:43:57,TNM0961,PC-2030,Disconnect
02/26/2010 09:50:49,TNM0961,PC-2030,Connect
02/26/2010 10:33:21,TNM0961,PC-2030,Disconnect
03/01/2010 12:58:58,TNM0961,PC-2030,Connect
03/01/2010 13:04:19,TNM0961,PC-2030,Disconnect
03/02/2010 07:38:05,TNM0961,PC-2030,Connect
03/02/2010 09:20:49,TNM0961,PC-2030,Disconnect
03/02/2010 09:28:29,TNM0961,PC-2030,Connect
03/02/2010 09:30:06,TNM0961,PC-2030,Disconnect
03/04/2010 09:19:28,TNM0961,PC-2030,Connect
03/04/2010 10:50:09,TNM0961,PC-2030,Disconnect
03/05/2010 12:00:28,TNM0961,PC-2030,Connect
03/05/2010 12:11:35,TNM0961,PC-2030,Disconnect
03/05/2010 15:13:41,TNM0961,PC-2030,Connect
03/05/2010 15:26:21,TNM0961,PC-2030,Disconnect
03/05/2010 15:53:15,TNM0961,PC-2030,Connect
03/05/2010 16:09:38,TNM0961,PC-2030,Disconnect
03/08/2010 12:27:32,TNM0961,PC-2030,Connect
03/08/2010 12:33:03,TNM0961,PC-2030,Disconnect
03/08/2010 15:04:07,TNM0961,PC-2030,Connect
03/08/2010 15:04:38,TNM0961,PC-2030,Disconnect
03/09/2010 07:42:06,TNM0961,PC-2030,Connect
03/09/2010 08:51:05,TNM0961,PC-2030,Disconnect
03/09/2010 09:20:01,TNM0961,PC-2030,Connect
03/09/2010 11:28:24,TNM0961,PC-2030,Disconnect
03/09/2010 12:41:25,TNM0961,PC-2030,Connect
03/09/2010 13:12:26,TNM0961,PC-2030,Disconnect
03/10/2010 07:58:49,TNM0961,PC-2030,Connect
03/10/2010 07:59:46,TNM0961,PC-2030,Disconnect
03/10/2010 08:00:45,TNM0961,PC-2030,Connect
03/10/2010 08:02:40,TNM0961,PC-2030,Disconnect
03/11/2010 08:28:46,TNM0961,PC-2030,Connect
03/11/2010 08:40:20,TNM0961,PC-2030,Disconnect
03/11/2010 11:55:35,TNM0961,PC-2030,Connect
03/11/2010 11:57:01,TNM0961,PC-2030,Disconnect
03/11/2010 14:28:45,TNM0961,PC-2030,Connect
03/11/2010 14:45:38,TNM0961,PC-2030,Disconnect
03/11/2010 15:32:00,TNM0961,PC-2030,Connect
03/11/2010 16:13:15,TNM0961,PC-2030,Disconnect
03/12/2010 10:33:46,TNM0961,PC-2030,Connect
03/12/2010 12:13:46,TNM0961,PC-2030,Disconnect
03/15/2010 07:14:57,TNM0961,PC-2030,Connect
03/15/2010 07:42:08,TNM0961,PC-2030,Disconnect
03/15/2010 12:56:28,TNM0961,PC-2030,Connect
03/15/2010 12:59:06,TNM0961,PC-2030,Disconnect
03/15/2010 15:04:27,TNM0961,PC-2030,Connect
03/15/2010 15:29:23,TNM0961,PC-2030,Disconnect
03/16/2010 07:22:37,TNM0961,PC-2030,Connect
03/16/2010 07:26:18,TNM0961,PC-2030,Disconnect
03/16/2010 12:39:27,TNM0961,PC-2030,Connect
03/16/2010 12:40:58,TNM0961,PC-2030,Disconnect
03/16/2010 15:27:30,TNM0961,PC-2030,Connect
03/16/2010 15:55:40,TNM0961,PC-2030,Disconnect
03/19/2010 10:15:30,TNM0961,PC-2030,Connect
03/19/2010 10:44:52,TNM0961,PC-2030,Disconnect
03/19/2010 13:37:39,TNM0961,PC-2030,Connect
03/19/2010 13:54:21,TNM0961,PC-2030,Disconnect
03/22/2010 11:01:45,TNM0961,PC-2030,Connect
03/22/2010 11:25:20,TNM0961,PC-2030,Disconnect
03/22/2010 13:41:14,TNM0961,PC-2030,Connect
03/22/2010 13:46:46,TNM0961,PC-2030,Disconnect
03/22/2010 14:46:40,TNM0961,PC-2030,Connect
03/22/2010 15:25:28,TNM0961,PC-2030,Disconnect
03/23/2010 07:18:01,TNM0961,PC-2030,Connect
03/23/2010 07:52:31,TNM0961,PC-2030,Disconnect
03/23/2010 08:03:08,TNM0961,PC-2030,Connect
03/23/2010 08:28:51,TNM0961,PC-2030,Disconnect
03/23/2010 08:30:47,TNM0961,PC-2030,Connect
03/23/2010 08:39:37,TNM0961,PC-2030,Disconnect
03/24/2010 08:42:55,TNM0961,PC-2030,Connect
03/24/2010 09:17:25,TNM0961,PC-2030,Disconnect
03/24/2010 11:41:43,TNM0961,PC-2030,Connect
03/24/2010 12:28:44,TNM0961,PC-2030,Disconnect
03/24/2010 13:55:42,TNM0961,PC-2030,Connect
03/24/2010 14:36:08,TNM0961,PC-2030,Disconnect
03/24/2010 15:21:34,TNM0961,PC-2030,Connect
03/24/2010 15:44:32,TNM0961,PC-2030,Disconnect
03/25/2010 14:56:41,TNM0961,PC-2030,Connect
03/25/2010 15:08:24,TNM0961,PC-2030,Disconnect
03/25/2010 15:50:13,TNM0961,PC-2030,Connect
03/25/2010 16:12:29,TNM0961,PC-2030,Disconnect
03/26/2010 12:49:18,TNM0961,PC-2030,Connect
03/26/2010 12:50:06,TNM0961,PC-2030,Disconnect
03/26/2010 13:11:38,TNM0961,PC-2030,Connect
03/26/2010 13:18:15,TNM0961,PC-2030,Disconnect
03/29/2010 09:28:50,TNM0961,PC-2030,Connect
03/29/2010 09:59:33,TNM0961,PC-2030,Disconnect
03/29/2010 15:28:33,TNM0961,PC-2030,Connect
03/29/2010 15:35:48,TNM0961,PC-2030,Disconnect
03/30/2010 08:34:53,TNM0961,PC-2030,Connect
03/30/2010 08:45:19,TNM0961,PC-2030,Disconnect
03/30/2010 08:49:49,TNM0961,PC-2030,Connect
03/30/2010 09:05:28,TNM0961,PC-2030,Disconnect
03/31/2010 08:41:11,TNM0961,PC-2030,Connect
03/31/2010 08:53:43,TNM0961,PC-2030,Disconnect
04/01/2010 07:51:27,TNM0961,PC-2030,Connect
04/01/2010 07:55:29,TNM0961,PC-2030,Disconnect
04/01/2010 13:45:43,TNM0961,PC-2030,Connect
04/01/2010 13:50:46,TNM0961,PC-2030,Disconnect
04/01/2010 15:49:56,TNM0961,PC-2030,Connect
04/01/2010 16:11:59,TNM0961,PC-2030,Disconnect
04/05/2010 07:53:28,TNM0961,PC-2030,Connect
04/05/2010 07:59:44,TNM0961,PC-2030,Disconnect
04/06/2010 14:23:42,TNM0961,PC-2030,Connect
04/06/2010 14:45:38,TNM0961,PC-2030,Disconnect
04/07/2010 13:58:00,TNM0961,PC-2030,Connect
04/07/2010 14:04:31,TNM0961,PC-2030,Disconnect
04/07/2010 14:10:12,TNM0961,PC-2030,Connect
04/07/2010 14:34:01,TNM0961,PC-2030,Disconnect
04/07/2010 14:46:24,TNM0961,PC-2030,Connect
04/07/2010 15:20:36,TNM0961,PC-2030,Disconnect
04/08/2010 12:15:56,TNM0961,PC-2030,Connect
04/08/2010 12:23:56,TNM0961,PC-2030,Disconnect
04/08/2010 12:28:00,TNM0961,PC-2030,Connect
04/08/2010 13:40:42,TNM0961,PC-2030,Disconnect
04/09/2010 15:16:43,TNM0961,PC-2030,Connect
04/09/2010 16:00:16,TNM0961,PC-2030,Disconnect
04/12/2010 13:27:08,TNM0961,PC-2030,Connect
04/12/2010 13:59:00,TNM0961,PC-2030,Disconnect
04/12/2010 14:24:15,TNM0961,PC-2030,Connect
04/12/2010 14:31:15,TNM0961,PC-2030,Disconnect
04/14/2010 07:13:29,TNM0961,PC-2030,Connect
04/14/2010 07:54:50,TNM0961,PC-2030,Disconnect
04/14/2010 08:31:48,TNM0961,PC-2030,Connect
04/14/2010 09:13:33,TNM0961,PC-2030,Disconnect
04/15/2010 09:34:06,TNM0961,PC-2030,Connect
04/15/2010 10:59:09,TNM0961,PC-2030,Disconnect
04/15/2010 12:37:35,TNM0961,PC-2030,Connect
04/15/2010 13:06:18,TNM0961,PC-2030,Disconnect
04/19/2010 07:43:39,TNM0961,PC-2030,Connect
04/19/2010 08:47:43,TNM0961,PC-2030,Disconnect
04/19/2010 13:18:47,TNM0961,PC-2030,Connect
04/19/2010 13:41:30,TNM0961,PC-2030,Disconnect
04/19/2010 15:19:42,TNM0961,PC-2030,Connect
04/19/2010 15:35:31,TNM0961,PC-2030,Disconnect
04/20/2010 12:42:31,TNM0961,PC-2030,Connect
04/20/2010 12:50:24,TNM0961,PC-2030,Disconnect
04/20/2010 15:05:18,TNM0961,PC-2030,Connect
04/20/2010 15:37:15,TNM0961,PC-2030,Disconnect
04/21/2010 12:21:45,TNM0961,PC-2030,Connect
04/21/2010 12:31:21,TNM0961,PC-2030,Disconnect
04/22/2010 07:51:10,TNM0961,PC-2030,Connect
04/22/2010 08:22:00,TNM0961,PC-2030,Disconnect
04/22/2010 10:26:50,TNM0961,PC-2030,Connect
04/22/2010 10:52:16,TNM0961,PC-2030,Disconnect
04/22/2010 14:38:21,TNM0961,PC-2030,Connect
04/22/2010 14:54:42,TNM0961,PC-2030,Disconnect
04/22/2010 15:23:23,TNM0961,PC-2030,Connect
04/22/2010 15:47:48,TNM0961,PC-2030,Disconnect
04/23/2010 08:39:45,TNM0961,PC-2030,Connect
04/23/2010 09:09:24,TNM0961,PC-2030,Disconnect
04/26/2010 12:37:37,TNM0961,PC-2030,Connect
04/26/2010 12:37:38,TNM0961,PC-2030,Disconnect
04/26/2010 13:08:02,TNM0961,PC-2030,Connect
04/26/2010 13:30:16,TNM0961,PC-2030,Disconnect
04/27/2010 07:45:47,TNM0961,PC-2030,Connect
04/27/2010 09:01:43,TNM0961,PC-2030,Disconnect
04/27/2010 11:32:37,TNM0961,PC-2030,Connect
04/27/2010 12:49:32,TNM0961,PC-2030,Disconnect
04/28/2010 10:01:30,TNM0961,PC-2030,Connect
04/28/2010 10:13:02,TNM0961,PC-2030,Disconnect
04/28/2010 14:35:07,TNM0961,PC-2030,Connect
04/28/2010 15:06:51,TNM0961,PC-2030,Disconnect
04/29/2010 15:28:37,TNM0961,PC-2030,Connect
04/29/2010 15:35:41,TNM0961,PC-2030,Disconnect
04/30/2010 07:42:40,TNM0961,PC-2030,Connect
04/30/2010 07:58:31,TNM0961,PC-2030,Disconnect
04/30/2010 10:52:37,TNM0961,PC-2030,Connect
04/30/2010 10:52:48,TNM0961,PC-2030,Disconnect
05/03/2010 07:49:44,TNM0961,PC-2030,Connect
05/03/2010 08:51:13,TNM0961,PC-2030,Disconnect
05/03/2010 13:41:42,TNM0961,PC-2030,Connect
05/03/2010 14:27:32,TNM0961,PC-2030,Disconnect
05/03/2010 15:42:13,TNM0961,PC-2030,Connect
05/03/2010 15:59:10,TNM0961,PC-2030,Disconnect
05/04/2010 08:25:11,TNM0961,PC-2030,Connect
05/04/2010 09:02:37,TNM0961,PC-2030,Disconnect
05/04/2010 13:40:31,TNM0961,PC-2030,Connect
05/04/2010 13:59:39,TNM0961,PC-2030,Disconnect
05/05/2010 15:03:44,TNM0961,PC-2030,Connect
05/05/2010 15:28:28,TNM0961,PC-2030,Disconnect
05/06/2010 13:20:18,TNM0961,PC-2030,Connect
05/06/2010 13:38:27,TNM0961,PC-2030,Disconnect
05/06/2010 13:59:24,TNM0961,PC-2030,Connect
05/06/2010 14:00:17,TNM0961,PC-2030,Disconnect
05/06/2010 15:14:37,TNM0961,PC-2030,Connect
05/06/2010 15:28:53,TNM0961,PC-2030,Disconnect
05/07/2010 10:56:51,TNM0961,PC-2030,Connect
05/07/2010 11:04:03,TNM0961,PC-2030,Disconnect
05/10/2010 14:08:05,TNM0961,PC-2030,Connect
05/10/2010 14:31:28,TNM0961,PC-2030,Disconnect
05/11/2010 11:17:31,TNM0961,PC-2030,Connect
05/11/2010 11:33:08,TNM0961,PC-2030,Disconnect
05/12/2010 07:23:30,TNM0961,PC-2030,Connect
05/12/2010 09:06:39,TNM0961,PC-2030,Disconnect
05/12/2010 13:20:10,TNM0961,PC-2030,Connect
05/12/2010 13:21:39,TNM0961,PC-2030,Disconnect
05/12/2010 14:33:46,TNM0961,PC-2030,Connect
05/12/2010 14:43:14,TNM0961,PC-2030,Disconnect
05/12/2010 14:52:56,TNM0961,PC-2030,Connect
05/12/2010 15:16:59,TNM0961,PC-2030,Disconnect
05/13/2010 10:52:32,TNM0961,PC-2030,Connect
05/13/2010 12:09:48,TNM0961,PC-2030,Disconnect
05/13/2010 15:05:01,TNM0961,PC-2030,Connect
05/13/2010 15:41:02,TNM0961,PC-2030,Disconnect
05/14/2010 13:38:14,TNM0961,PC-2030,Connect
05/14/2010 14:06:09,TNM0961,PC-2030,Disconnect
05/14/2010 14:07:55,TNM0961,PC-2030,Connect
05/14/2010 14:16:01,TNM0961,PC-2030,Disconnect
05/14/2010 14:16:54,TNM0961,PC-2030,Connect
05/14/2010 14:45:29,TNM0961,PC-2030,Disconnect
05/17/2010 08:39:51,TNM0961,PC-2030,Connect
05/17/2010 08:47:28,TNM0961,PC-2030,Disconnect
05/17/2010 08:55:26,TNM0961,PC-2030,Connect
05/17/2010 09:12:12,TNM0961,PC-2030,Disconnect
05/17/2010 11:59:19,TNM0961,PC-2030,Connect
05/17/2010 12:34:41,TNM0961,PC-2030,Disconnect
05/17/2010 12:42:02,TNM0961,PC-2030,Disconnect
05/17/2010 12:42:02,TNM0961,PC-2030,Connect
05/18/2010 09:11:22,TNM0961,PC-2030,Connect
05/18/2010 09:53:55,TNM0961,PC-2030,Disconnect
05/19/2010 07:20:02,TNM0961,PC-2030,Connect
05/19/2010 07:38:09,TNM0961,PC-2030,Disconnect
05/20/2010 13:27:18,TNM0961,PC-2030,Connect
05/20/2010 13:56:24,TNM0961,PC-2030,Disconnect
05/21/2010 10:24:09,TNM0961,PC-2030,Connect
05/21/2010 11:18:24,TNM0961,PC-2030,Disconnect
05/21/2010 12:04:52,TNM0961,PC-2030,Connect
05/21/2010 12:29:25,TNM0961,PC-2030,Disconnect
05/21/2010 14:08:48,TNM0961,PC-2030,Connect
05/21/2010 14:42:56,TNM0961,PC-2030,Disconnect
05/24/2010 08:07:03,TNM0961,PC-2030,Connect
05/24/2010 09:52:39,TNM0961,PC-2030,Disconnect
05/25/2010 11:26:09,TNM0961,PC-2030,Connect
05/25/2010 11:27:31,TNM0961,PC-2030,Disconnect
05/26/2010 12:39:18,TNM0961,PC-2030,Connect
05/26/2010 13:22:19,TNM0961,PC-2030,Disconnect
05/27/2010 07:34:39,TNM0961,PC-2030,Connect
05/27/2010 07:41:43,TNM0961,PC-2030,Disconnect
05/27/2010 09:02:16,TNM0961,PC-2030,Connect
05/27/2010 09:07:07,TNM0961,PC-2030,Disconnect
05/27/2010 12:56:22,TNM0961,PC-2030,Connect
05/27/2010 13:28:17,TNM0961,PC-2030,Disconnect
05/28/2010 14:11:25,TNM0961,PC-2030,Connect
05/28/2010 14:31:52,TNM0961,PC-2030,Disconnect
06/01/2010 10:10:47,TNM0961,PC-2030,Connect
06/01/2010 11:56:47,TNM0961,PC-2030,Connect
06/01/2010 12:11:54,TNM0961,PC-2030,Disconnect
06/02/2010 12:59:12,TNM0961,PC-2030,Connect
06/02/2010 13:04:39,TNM0961,PC-2030,Disconnect
06/02/2010 14:37:41,TNM0961,PC-2030,Connect
06/02/2010 14:45:13,TNM0961,PC-2030,Disconnect
06/03/2010 14:01:00,TNM0961,PC-2030,Connect
06/03/2010 14:48:07,TNM0961,PC-2030,Disconnect
06/07/2010 12:38:41,TNM0961,PC-2030,Connect
06/07/2010 13:29:37,TNM0961,PC-2030,Disconnect
06/07/2010 15:56:40,TNM0961,PC-2030,Connect
06/07/2010 16:16:45,TNM0961,PC-2030,Disconnect
06/08/2010 14:48:39,TNM0961,PC-2030,Connect
06/08/2010 15:28:59,TNM0961,PC-2030,Disconnect
06/09/2010 14:47:17,TNM0961,PC-2030,Connect
06/09/2010 15:13:02,TNM0961,PC-2030,Disconnect
06/10/2010 11:58:26,TNM0961,PC-2030,Connect
06/10/2010 12:24:20,TNM0961,PC-2030,Disconnect
06/11/2010 08:17:28,TNM0961,PC-2030,Connect
06/11/2010 08:59:04,TNM0961,PC-2030,Disconnect
06/14/2010 14:00:14,TNM0961,PC-2030,Connect
06/14/2010 14:15:46,TNM0961,PC-2030,Disconnect
06/15/2010 13:06:39,TNM0961,PC-2030,Connect
06/15/2010 13:56:11,TNM0961,PC-2030,Disconnect
06/15/2010 14:11:24,TNM0961,PC-2030,Connect
06/15/2010 14:46:40,TNM0961,PC-2030,Disconnect
06/16/2010 07:37:27,TNM0961,PC-2030,Connect
06/16/2010 07:47:04,TNM0961,PC-2030,Disconnect
06/16/2010 08:30:53,TNM0961,PC-2030,Connect
06/16/2010 09:11:14,TNM0961,PC-2030,Disconnect
06/16/2010 14:30:11,TNM0961,PC-2030,Connect
06/16/2010 15:34:23,TNM0961,PC-2030,Disconnect
06/17/2010 15:15:02,TNM0961,PC-2030,Connect
06/17/2010 15:21:16,TNM0961,PC-2030,Disconnect
06/18/2010 13:03:43,TNM0961,PC-2030,Connect
06/18/2010 13:04:42,TNM0961,PC-2030,Disconnect
06/21/2010 08:28:17,TNM0961,PC-2030,Connect
06/21/2010 09:06:18,TNM0961,PC-2030,Disconnect
06/21/2010 14:05:09,TNM0961,PC-2030,Connect
06/21/2010 14:18:50,TNM0961,PC-2030,Disconnect
06/21/2010 14:19:06,TNM0961,PC-2030,Connect
06/21/2010 15:07:04,TNM0961,PC-2030,Disconnect
06/22/2010 08:32:26,TNM0961,PC-2030,Connect
06/22/2010 08:52:03,TNM0961,PC-2030,Disconnect
06/23/2010 08:39:07,TNM0961,PC-2030,Connect
06/23/2010 08:52:52,TNM0961,PC-2030,Disconnect
06/23/2010 09:39:28,TNM0961,PC-2030,Connect
06/23/2010 10:02:24,TNM0961,PC-2030,Disconnect
06/23/2010 12:40:42,TNM0961,PC-2030,Connect
06/23/2010 13:05:15,TNM0961,PC-2030,Disconnect
06/23/2010 15:24:32,TNM0961,PC-2030,Connect
06/23/2010 15:24:35,TNM0961,PC-2030,Disconnect
06/24/2010 12:39:58,TNM0961,PC-2030,Connect
06/24/2010 13:50:26,TNM0961,PC-2030,Disconnect
06/24/2010 14:18:31,TNM0961,PC-2030,Connect
06/24/2010 14:21:10,TNM0961,PC-2030,Disconnect
06/24/2010 15:07:56,TNM0961,PC-2030,Connect
06/24/2010 16:00:26,TNM0961,PC-2030,Disconnect
06/25/2010 15:22:50,TNM0961,PC-2030,Connect
06/25/2010 15:45:56,TNM0961,PC-2030,Disconnect
06/29/2010 08:06:22,TNM0961,PC-2030,Connect
06/29/2010 08:22:25,TNM0961,PC-2030,Disconnect
06/29/2010 14:22:45,TNM0961,PC-2030,Connect
06/29/2010 14:37:09,TNM0961,PC-2030,Disconnect
06/29/2010 15:24:29,TNM0961,PC-2030,Connect
06/29/2010 15:57:04,TNM0961,PC-2030,Disconnect
06/30/2010 08:43:24,TNM0961,PC-2030,Connect
06/30/2010 09:13:20,TNM0961,PC-2030,Disconnect
06/30/2010 14:37:46,TNM0961,PC-2030,Connect
06/30/2010 14:48:35,TNM0961,PC-2030,Disconnect
06/30/2010 15:14:30,TNM0961,PC-2030,Connect
06/30/2010 16:04:05,TNM0961,PC-2030,Disconnect
07/01/2010 09:05:16,TNM0961,PC-2030,Connect
07/01/2010 09:52:20,TNM0961,PC-2030,Disconnect
07/02/2010 10:19:38,TNM0961,PC-2030,Connect
07/02/2010 10:51:14,TNM0961,PC-2030,Disconnect
07/02/2010 13:36:19,TNM0961,PC-2030,Connect
07/02/2010 13:44:01,TNM0961,PC-2030,Disconnect
07/06/2010 10:57:26,TNM0961,PC-2030,Connect
07/06/2010 11:10:01,TNM0961,PC-2030,Disconnect
07/06/2010 13:47:46,TNM0961,PC-2030,Connect
07/06/2010 13:52:44,TNM0961,PC-2030,Disconnect
07/07/2010 07:35:30,TNM0961,PC-2030,Connect
07/07/2010 07:53:59,TNM0961,PC-2030,Disconnect
07/07/2010 14:13:47,TNM0961,PC-2030,Connect
07/07/2010 14:42:28,TNM0961,PC-2030,Disconnect
07/08/2010 12:17:00,TNM0961,PC-2030,Connect
07/08/2010 13:16:33,TNM0961,PC-2030,Disconnect
07/08/2010 15:09:41,TNM0961,PC-2030,Connect
07/08/2010 15:28:40,TNM0961,PC-2030,Disconnect
07/13/2010 07:57:29,TNM0961,PC-2030,Connect
07/13/2010 08:12:50,TNM0961,PC-2030,Disconnect
07/13/2010 08:24:32,TNM0961,PC-2030,Connect
07/13/2010 08:44:32,TNM0961,PC-2030,Disconnect
07/13/2010 10:58:54,TNM0961,PC-2030,Connect
07/13/2010 11:22:12,TNM0961,PC-2030,Disconnect
07/13/2010 13:18:16,TNM0961,PC-2030,Connect
07/13/2010 13:18:37,TNM0961,PC-2030,Disconnect
07/13/2010 14:46:27,TNM0961,PC-2030,Connect
07/13/2010 14:54:01,TNM0961,PC-2030,Disconnect
07/14/2010 12:46:17,TNM0961,PC-2030,Connect
07/14/2010 13:26:21,TNM0961,PC-2030,Disconnect
07/15/2010 07:21:38,TNM0961,PC-2030,Connect
07/15/2010 07:58:20,TNM0961,PC-2030,Disconnect
07/15/2010 13:35:35,TNM0961,PC-2030,Connect
07/15/2010 13:46:34,TNM0961,PC-2030,Disconnect
07/15/2010 15:11:08,TNM0961,PC-2030,Connect
07/15/2010 16:07:48,TNM0961,PC-2030,Disconnect
07/16/2010 10:48:32,TNM0961,PC-2030,Connect
07/16/2010 11:05:01,TNM0961,PC-2030,Disconnect
07/16/2010 13:01:31,TNM0961,PC-2030,Connect
07/16/2010 13:20:05,TNM0961,PC-2030,Disconnect
07/16/2010 14:08:28,TNM0961,PC-2030,Connect
07/16/2010 14:25:19,TNM0961,PC-2030,Disconnect
07/19/2010 10:10:42,TNM0961,PC-2030,Connect
07/19/2010 10:15:48,TNM0961,PC-2030,Disconnect
07/19/2010 13:22:05,TNM0961,PC-2030,Connect
07/19/2010 14:06:42,TNM0961,PC-2030,Disconnect
07/19/2010 14:33:44,TNM0961,PC-2030,Connect
07/19/2010 14:40:51,TNM0961,PC-2030,Disconnect
07/20/2010 14:45:38,TNM0961,PC-2030,Connect
07/20/2010 16:22:44,TNM0961,PC-2030,Disconnect
07/21/2010 10:49:23,TNM0961,PC-2030,Connect
07/21/2010 10:56:38,TNM0961,PC-2030,Disconnect
07/21/2010 10:59:30,TNM0961,PC-2030,Connect
07/21/2010 11:00:28,TNM0961,PC-2030,Disconnect
07/21/2010 15:20:32,TNM0961,PC-2030,Connect
07/21/2010 15:21:17,TNM0961,PC-2030,Disconnect
07/22/2010 07:18:04,TNM0961,PC-2030,Connect
07/22/2010 07:31:13,TNM0961,PC-2030,Disconnect
07/22/2010 09:46:51,TNM0961,PC-2030,Connect
07/22/2010 09:49:21,TNM0961,PC-2030,Disconnect
07/22/2010 13:08:00,TNM0961,PC-2030,Connect
07/22/2010 13:19:10,TNM0961,PC-2030,Disconnect
07/23/2010 09:43:54,TNM0961,PC-2030,Connect
07/23/2010 09:44:50,TNM0961,PC-2030,Disconnect
07/23/2010 15:03:24,TNM0961,PC-2030,Connect
07/23/2010 15:50:39,TNM0961,PC-2030,Disconnect
07/26/2010 07:18:42,TNM0961,PC-2030,Connect
07/26/2010 07:40:29,TNM0961,PC-2030,Disconnect
07/26/2010 13:02:52,TNM0961,PC-2030,Connect
07/26/2010 13:15:26,TNM0961,PC-2030,Disconnect
07/26/2010 13:59:00,TNM0961,PC-2030,Connect
07/26/2010 14:00:48,TNM0961,PC-2030,Disconnect
07/26/2010 14:28:02,TNM0961,PC-2030,Connect
07/26/2010 14:52:41,TNM0961,PC-2030,Disconnect
07/27/2010 14:41:56,TNM0961,PC-2030,Connect
07/27/2010 14:42:39,TNM0961,PC-2030,Disconnect
07/27/2010 14:48:00,TNM0961,PC-2030,Connect
07/27/2010 14:50:55,TNM0961,PC-2030,Disconnect
07/28/2010 08:16:44,TNM0961,PC-2030,Connect
07/28/2010 08:56:40,TNM0961,PC-2030,Disconnect
07/28/2010 09:59:45,TNM0961,PC-2030,Connect
07/28/2010 10:37:48,TNM0961,PC-2030,Disconnect
07/29/2010 13:30:28,TNM0961,PC-2030,Connect
07/29/2010 13:37:18,TNM0961,PC-2030,Disconnect
07/29/2010 14:37:32,TNM0961,PC-2030,Connect
07/29/2010 15:14:36,TNM0961,PC-2030,Disconnect
07/30/2010 07:55:07,TNM0961,PC-2030,Connect
07/30/2010 09:02:06,TNM0961,PC-2030,Disconnect
07/30/2010 10:18:44,TNM0961,PC-2030,Connect
07/30/2010 10:38:48,TNM0961,PC-2030,Disconnect
07/30/2010 13:35:32,TNM0961,PC-2030,Connect
07/30/2010 13:55:52,TNM0961,PC-2030,Disconnect
08/02/2010 07:21:22,TNM0961,PC-2030,Connect
08/02/2010 08:25:03,TNM0961,PC-2030,Disconnect
08/02/2010 12:55:37,TNM0961,PC-2030,Connect
08/02/2010 13:07:54,TNM0961,PC-2030,Disconnect
08/03/2010 08:49:04,TNM0961,PC-2030,Connect
08/03/2010 09:36:02,TNM0961,PC-2030,Disconnect
08/03/2010 15:22:49,TNM0961,PC-2030,Connect
08/03/2010 15:39:35,TNM0961,PC-2030,Disconnect
08/04/2010 11:12:23,TNM0961,PC-2030,Connect
08/04/2010 11:41:14,TNM0961,PC-2030,Disconnect
08/04/2010 13:23:48,TNM0961,PC-2030,Connect
08/04/2010 13:44:48,TNM0961,PC-2030,Disconnect
08/05/2010 09:46:03,TNM0961,PC-2030,Connect
08/05/2010 10:14:51,TNM0961,PC-2030,Disconnect
08/05/2010 12:09:06,TNM0961,PC-2030,Connect
08/05/2010 12:43:56,TNM0961,PC-2030,Disconnect
08/05/2010 15:45:09,TNM0961,PC-2030,Connect
08/05/2010 15:57:58,TNM0961,PC-2030,Disconnect
08/06/2010 08:04:16,TNM0961,PC-2030,Connect
08/06/2010 09:27:02,TNM0961,PC-2030,Disconnect
08/06/2010 12:13:28,TNM0961,PC-2030,Connect
08/06/2010 12:25:56,TNM0961,PC-2030,Disconnect
08/06/2010 14:07:23,TNM0961,PC-2030,Connect
08/06/2010 14:24:00,TNM0961,PC-2030,Disconnect
08/09/2010 07:29:13,TNM0961,PC-2030,Connect
08/09/2010 07:40:10,TNM0961,PC-2030,Disconnect
08/09/2010 10:09:03,TNM0961,PC-2030,Connect
08/09/2010 10:15:02,TNM0961,PC-2030,Disconnect
08/09/2010 15:45:00,TNM0961,PC-2030,Connect
08/09/2010 15:53:13,TNM0961,PC-2030,Disconnect
08/10/2010 08:07:36,TNM0961,PC-2030,Connect
08/10/2010 08:20:28,TNM0961,PC-2030,Disconnect
08/10/2010 09:12:25,TNM0961,PC-2030,Connect
08/10/2010 09:37:28,TNM0961,PC-2030,Disconnect
08/10/2010 14:32:03,TNM0961,PC-2030,Connect
08/10/2010 14:34:41,TNM0961,PC-2030,Disconnect
08/10/2010 15:11:49,TNM0961,PC-2030,Connect
08/10/2010 15:13:24,TNM0961,PC-2030,Disconnect
08/11/2010 09:17:48,TNM0961,PC-2030,Connect
08/11/2010 09:30:44,TNM0961,PC-2030,Disconnect
08/11/2010 14:09:55,TNM0961,PC-2030,Connect
08/11/2010 14:20:33,TNM0961,PC-2030,Disconnect
08/11/2010 14:57:53,TNM0961,PC-2030,Connect
08/11/2010 15:23:36,TNM0961,PC-2030,Disconnect
08/12/2010 14:07:30,TNM0961,PC-2030,Connect
08/12/2010 14:34:41,TNM0961,PC-2030,Disconnect
08/12/2010 15:10:05,TNM0961,PC-2030,Connect
08/12/2010 15:46:22,TNM0961,PC-2030,Disconnect
08/16/2010 10:16:51,TNM0961,PC-2030,Connect
08/16/2010 11:11:14,TNM0961,PC-2030,Disconnect
08/16/2010 13:58:14,TNM0961,PC-2030,Connect
08/16/2010 14:00:11,TNM0961,PC-2030,Disconnect
08/17/2010 07:27:13,TNM0961,PC-2030,Connect
08/17/2010 08:06:46,TNM0961,PC-2030,Disconnect
08/17/2010 15:05:35,TNM0961,PC-2030,Connect
08/17/2010 15:32:53,TNM0961,PC-2030,Disconnect
08/18/2010 13:38:41,TNM0961,PC-2030,Connect
08/18/2010 14:55:13,TNM0961,PC-2030,Disconnect
08/19/2010 13:15:07,TNM0961,PC-2030,Connect
08/19/2010 13:35:40,TNM0961,PC-2030,Disconnect
08/20/2010 11:51:01,TNM0961,PC-2030,Connect
08/20/2010 12:08:42,TNM0961,PC-2030,Disconnect
08/20/2010 13:11:34,TNM0961,PC-2030,Connect
08/20/2010 13:57:08,TNM0961,PC-2030,Disconnect
08/23/2010 08:24:27,TNM0961,PC-2030,Connect
08/23/2010 08:44:22,TNM0961,PC-2030,Disconnect
08/26/2010 14:42:34,TNM0961,PC-2030,Connect
08/26/2010 15:21:57,TNM0961,PC-2030,Disconnect
08/27/2010 11:57:46,TNM0961,PC-2030,Connect
08/27/2010 14:17:15,TNM0961,PC-2030,Disconnect
08/30/2010 13:11:58,TNM0961,PC-2030,Connect
08/30/2010 13:29:22,TNM0961,PC-2030,Disconnect
09/01/2010 13:27:33,TNM0961,PC-2030,Connect
09/01/2010 13:28:37,TNM0961,PC-2030,Disconnect
09/02/2010 07:31:56,TNM0961,PC-2030,Connect
09/02/2010 08:45:00,TNM0961,PC-2030,Disconnect
09/03/2010 12:54:06,TNM0961,PC-2030,Connect
09/03/2010 13:04:41,TNM0961,PC-2030,Disconnect
09/03/2010 13:09:25,TNM0961,PC-2030,Connect
09/03/2010 15:19:28,TNM0961,PC-2030,Disconnect
09/07/2010 08:26:23,TNM0961,PC-2030,Connect
09/07/2010 08:57:08,TNM0961,PC-2030,Disconnect
09/08/2010 09:00:50,TNM0961,PC-2030,Connect
09/08/2010 09:33:07,TNM0961,PC-2030,Disconnect
09/08/2010 15:21:03,TNM0961,PC-2030,Connect
09/08/2010 16:09:11,TNM0961,PC-2030,Disconnect
09/09/2010 07:25:06,TNM0961,PC-2030,Connect
09/09/2010 09:57:28,TNM0961,PC-2030,Disconnect
09/09/2010 15:38:01,TNM0961,PC-2030,Connect
09/09/2010 16:02:29,TNM0961,PC-2030,Disconnect
09/10/2010 13:38:00,TNM0961,PC-2030,Connect
09/10/2010 13:51:09,TNM0961,PC-2030,Disconnect
09/13/2010 12:24:08,TNM0961,PC-2030,Connect
09/13/2010 12:26:34,TNM0961,PC-2030,Disconnect
09/13/2010 12:53:29,TNM0961,PC-2030,Connect
09/13/2010 13:23:15,TNM0961,PC-2030,Disconnect
09/13/2010 13:45:03,TNM0961,PC-2030,Connect
09/13/2010 14:06:39,TNM0961,PC-2030,Disconnect
09/14/2010 07:50:53,TNM0961,PC-2030,Connect
09/14/2010 08:01:47,TNM0961,PC-2030,Disconnect
09/15/2010 07:59:10,TNM0961,PC-2030,Connect
09/15/2010 09:00:54,TNM0961,PC-2030,Disconnect
09/15/2010 09:56:33,TNM0961,PC-2030,Connect
09/15/2010 10:01:00,TNM0961,PC-2030,Disconnect
09/15/2010 13:45:12,TNM0961,PC-2030,Connect
09/15/2010 14:34:12,TNM0961,PC-2030,Disconnect
09/16/2010 10:07:28,TNM0961,PC-2030,Connect
09/16/2010 10:19:09,TNM0961,PC-2030,Disconnect
09/16/2010 13:15:01,TNM0961,PC-2030,Connect
09/16/2010 14:16:43,TNM0961,PC-2030,Disconnect
09/17/2010 09:26:32,TNM0961,PC-2030,Connect
09/17/2010 09:52:42,TNM0961,PC-2030,Disconnect
09/17/2010 14:33:37,TNM0961,PC-2030,Connect
09/17/2010 15:08:35,TNM0961,PC-2030,Disconnect
09/20/2010 09:22:54,TNM0961,PC-2030,Connect
09/20/2010 09:47:01,TNM0961,PC-2030,Disconnect
09/21/2010 09:11:03,TNM0961,PC-2030,Connect
09/21/2010 09:46:54,TNM0961,PC-2030,Disconnect
09/21/2010 14:29:19,TNM0961,PC-2030,Connect
09/21/2010 14:42:48,TNM0961,PC-2030,Disconnect
09/22/2010 12:55:14,TNM0961,PC-2030,Connect
09/22/2010 13:39:53,TNM0961,PC-2030,Disconnect
09/22/2010 14:51:07,TNM0961,PC-2030,Connect
09/22/2010 15:48:40,TNM0961,PC-2030,Disconnect
09/23/2010 09:34:52,TNM0961,PC-2030,Connect
09/23/2010 09:44:14,TNM0961,PC-2030,Disconnect
09/23/2010 11:38:23,TNM0961,PC-2030,Connect
09/23/2010 11:47:05,TNM0961,PC-2030,Disconnect
09/23/2010 12:29:56,TNM0961,PC-2030,Connect
09/23/2010 12:30:13,TNM0961,PC-2030,Disconnect
09/23/2010 12:32:48,TNM0961,PC-2030,Connect
09/23/2010 15:10:33,TNM0961,PC-2030,Disconnect
09/24/2010 08:26:17,TNM0961,PC-2030,Connect
09/24/2010 08:28:17,TNM0961,PC-2030,Disconnect
09/24/2010 09:41:59,TNM0961,PC-2030,Connect
09/24/2010 09:42:16,TNM0961,PC-2030,Disconnect
09/24/2010 13:04:22,TNM0961,PC-2030,Connect
09/24/2010 13:05:39,TNM0961,PC-2030,Disconnect
09/24/2010 15:46:06,TNM0961,PC-2030,Connect
09/24/2010 16:05:01,TNM0961,PC-2030,Disconnect
09/27/2010 08:08:11,TNM0961,PC-2030,Connect
09/27/2010 08:09:22,TNM0961,PC-2030,Disconnect
09/27/2010 13:12:51,TNM0961,PC-2030,Connect
09/27/2010 13:31:12,TNM0961,PC-2030,Disconnect
09/27/2010 15:10:23,TNM0961,PC-2030,Connect
09/27/2010 15:34:15,TNM0961,PC-2030,Disconnect
09/28/2010 07:06:22,TNM0961,PC-2030,Connect
09/28/2010 07:06:46,TNM0961,PC-2030,Disconnect
09/28/2010 13:08:55,TNM0961,PC-2030,Connect
09/28/2010 13:10:11,TNM0961,PC-2030,Disconnect
09/29/2010 07:24:17,TNM0961,PC-2030,Connect
09/29/2010 08:22:59,TNM0961,PC-2030,Disconnect
09/29/2010 10:48:37,TNM0961,PC-2030,Connect
09/29/2010 11:00:33,TNM0961,PC-2030,Disconnect
09/29/2010 12:20:42,TNM0961,PC-2030,Connect
09/29/2010 12:37:05,TNM0961,PC-2030,Disconnect
09/29/2010 12:55:32,TNM0961,PC-2030,Connect
09/29/2010 13:16:39,TNM0961,PC-2030,Disconnect
09/30/2010 15:45:07,TNM0961,PC-2030,Connect
09/30/2010 15:47:30,TNM0961,PC-2030,Disconnect
10/01/2010 07:24:48,TNM0961,PC-2030,Connect
10/01/2010 08:42:29,TNM0961,PC-2030,Disconnect
10/01/2010 13:35:57,TNM0961,PC-2030,Connect
10/01/2010 13:40:37,TNM0961,PC-2030,Disconnect
10/04/2010 12:57:56,TNM0961,PC-2030,Connect
10/04/2010 13:00:26,TNM0961,PC-2030,Disconnect
10/04/2010 15:11:44,TNM0961,PC-2030,Connect
10/04/2010 15:26:27,TNM0961,PC-2030,Disconnect
10/05/2010 07:41:07,TNM0961,PC-2030,Connect
10/05/2010 08:50:02,TNM0961,PC-2030,Disconnect
10/05/2010 15:15:33,TNM0961,PC-2030,Connect
10/06/2010 10:39:21,TNM0961,PC-2030,Connect
10/06/2010 11:17:09,TNM0961,PC-2030,Disconnect
10/06/2010 15:24:25,TNM0961,PC-2030,Connect
10/06/2010 15:38:38,TNM0961,PC-2030,Disconnect
10/07/2010 13:48:46,TNM0961,PC-2030,Connect
10/07/2010 13:55:02,TNM0961,PC-2030,Disconnect
10/07/2010 14:53:00,TNM0961,PC-2030,Connect
10/07/2010 15:37:21,TNM0961,PC-2030,Disconnect
10/08/2010 09:16:44,TNM0961,PC-2030,Connect
10/08/2010 09:51:16,TNM0961,PC-2030,Disconnect
10/08/2010 09:55:06,TNM0961,PC-2030,Connect
10/08/2010 10:10:47,TNM0961,PC-2030,Disconnect
10/08/2010 14:52:00,TNM0961,PC-2030,Connect
10/08/2010 15:48:23,TNM0961,PC-2030,Disconnect
10/11/2010 08:26:02,TNM0961,PC-2030,Connect
10/11/2010 08:57:55,TNM0961,PC-2030,Disconnect
10/11/2010 14:58:57,TNM0961,PC-2030,Connect
10/11/2010 15:22:51,TNM0961,PC-2030,Disconnect
10/12/2010 08:23:04,TNM0961,PC-2030,Connect
10/12/2010 08:31:24,TNM0961,PC-2030,Disconnect
10/12/2010 11:43:45,TNM0961,PC-2030,Connect
10/12/2010 12:34:05,TNM0961,PC-2030,Disconnect
10/13/2010 10:35:19,TNM0961,PC-2030,Connect
10/13/2010 11:34:00,TNM0961,PC-2030,Disconnect
10/14/2010 13:39:28,TNM0961,PC-2030,Connect
10/14/2010 14:48:09,TNM0961,PC-2030,Disconnect
10/15/2010 09:52:00,TNM0961,PC-2030,Connect
10/15/2010 10:35:27,TNM0961,PC-2030,Disconnect
10/15/2010 13:42:02,TNM0961,PC-2030,Connect
10/15/2010 14:07:51,TNM0961,PC-2030,Disconnect
10/18/2010 08:47:52,TNM0961,PC-2030,Connect
10/18/2010 09:57:48,TNM0961,PC-2030,Disconnect
10/18/2010 14:51:35,TNM0961,PC-2030,Connect
10/18/2010 15:25:04,TNM0961,PC-2030,Disconnect
10/19/2010 07:14:21,TNM0961,PC-2030,Connect
10/19/2010 07:17:35,TNM0961,PC-2030,Disconnect
10/19/2010 09:18:12,TNM0961,PC-2030,Connect
10/19/2010 09:42:38,TNM0961,PC-2030,Disconnect
10/19/2010 10:37:53,TNM0961,PC-2030,Connect
10/19/2010 11:14:20,TNM0961,PC-2030,Disconnect
10/20/2010 09:33:26,TNM0961,PC-2030,Connect
10/20/2010 10:06:29,TNM0961,PC-2030,Disconnect
10/21/2010 07:23:25,TNM0961,PC-2030,Connect
10/21/2010 07:29:02,TNM0961,PC-2030,Disconnect
10/21/2010 10:19:56,TNM0961,PC-2030,Connect
10/21/2010 10:41:13,TNM0961,PC-2030,Disconnect
10/22/2010 07:41:45,TNM0961,PC-2030,Connect
10/22/2010 08:01:46,TNM0961,PC-2030,Disconnect
10/22/2010 10:14:50,TNM0961,PC-2030,Connect
10/22/2010 10:31:23,TNM0961,PC-2030,Disconnect
10/22/2010 14:40:13,TNM0961,PC-2030,Connect
10/22/2010 15:06:40,TNM0961,PC-2030,Disconnect
10/25/2010 07:52:18,TNM0961,PC-2030,Connect
10/25/2010 07:59:23,TNM0961,PC-2030,Disconnect
10/25/2010 12:21:48,TNM0961,PC-2030,Connect
10/25/2010 12:30:14,TNM0961,PC-2030,Disconnect
10/26/2010 08:50:35,TNM0961,PC-2030,Connect
10/26/2010 09:10:34,TNM0961,PC-2030,Disconnect
10/26/2010 12:45:41,TNM0961,PC-2030,Connect
10/26/2010 12:58:42,TNM0961,PC-2030,Disconnect
10/27/2010 10:07:03,TNM0961,PC-2030,Connect
10/27/2010 10:13:10,TNM0961,PC-2030,Disconnect
10/27/2010 10:20:53,TNM0961,PC-2030,Connect
10/27/2010 10:24:12,TNM0961,PC-2030,Disconnect
10/27/2010 10:28:31,TNM0961,PC-2030,Connect
10/27/2010 10:31:05,TNM0961,PC-2030,Disconnect
10/27/2010 10:34:58,TNM0961,PC-2030,Connect
10/27/2010 10:45:31,TNM0961,PC-2030,Disconnect
10/28/2010 08:10:52,TNM0961,PC-2030,Connect
10/28/2010 08:27:21,TNM0961,PC-2030,Disconnect
10/28/2010 09:11:40,TNM0961,PC-2030,Connect
10/28/2010 09:57:04,TNM0961,PC-2030,Disconnect
10/28/2010 13:48:49,TNM0961,PC-2030,Connect
10/28/2010 14:16:16,TNM0961,PC-2030,Disconnect
10/28/2010 15:43:53,TNM0961,PC-2030,Connect
10/28/2010 15:47:52,TNM0961,PC-2030,Disconnect
10/29/2010 13:44:57,TNM0961,PC-2030,Connect
10/29/2010 14:17:47,TNM0961,PC-2030,Disconnect
11/02/2010 12:30:29,TNM0961,PC-2030,Connect
11/02/2010 12:54:14,TNM0961,PC-2030,Disconnect
11/02/2010 13:04:59,TNM0961,PC-2030,Connect
11/02/2010 13:24:37,TNM0961,PC-2030,Disconnect
11/02/2010 15:12:34,TNM0961,PC-2030,Connect
11/02/2010 15:13:24,TNM0961,PC-2030,Disconnect
11/03/2010 10:57:53,TNM0961,PC-2030,Connect
11/03/2010 11:14:21,TNM0961,PC-2030,Disconnect
11/03/2010 12:45:02,TNM0961,PC-2030,Connect
11/03/2010 13:42:51,TNM0961,PC-2030,Disconnect
11/04/2010 07:44:14,TNM0961,PC-2030,Connect
11/04/2010 08:07:21,TNM0961,PC-2030,Disconnect
11/04/2010 11:20:00,TNM0961,PC-2030,Connect
11/04/2010 11:28:55,TNM0961,PC-2030,Disconnect
11/04/2010 13:57:42,TNM0961,PC-2030,Connect
11/04/2010 14:02:56,TNM0961,PC-2030,Disconnect
11/05/2010 08:48:42,TNM0961,PC-2030,Connect
11/05/2010 09:00:20,TNM0961,PC-2030,Disconnect
11/05/2010 14:45:12,TNM0961,PC-2030,Connect
11/05/2010 14:49:47,TNM0961,PC-2030,Disconnect
11/08/2010 08:37:52,TNM0961,PC-2030,Connect
11/08/2010 08:57:50,TNM0961,PC-2030,Disconnect
11/08/2010 09:31:16,TNM0961,PC-2030,Connect
11/08/2010 09:35:48,TNM0961,PC-2030,Disconnect
11/08/2010 11:55:05,TNM0961,PC-2030,Connect
11/08/2010 12:15:56,TNM0961,PC-2030,Disconnect
11/08/2010 12:59:05,TNM0961,PC-2030,Connect
11/08/2010 13:05:10,TNM0961,PC-2030,Disconnect
11/08/2010 13:41:13,TNM0961,PC-2030,Connect
11/08/2010 14:08:58,TNM0961,PC-2030,Disconnect
11/09/2010 14:56:04,TNM0961,PC-2030,Connect
11/09/2010 15:11:59,TNM0961,PC-2030,Disconnect
11/10/2010 11:47:53,TNM0961,PC-2030,Connect
11/10/2010 11:52:03,TNM0961,PC-2030,Disconnect
11/10/2010 12:26:23,TNM0961,PC-2030,Connect
11/10/2010 15:43:36,TNM0961,PC-2030,Connect
11/10/2010 16:11:52,TNM0961,PC-2030,Disconnect
11/11/2010 07:11:46,TNM0961,PC-2030,Connect
11/11/2010 08:46:50,TNM0961,PC-2030,Disconnect
11/11/2010 12:22:18,TNM0961,PC-2030,Connect
11/11/2010 12:59:16,TNM0961,PC-2030,Disconnect
11/12/2010 07:23:20,TNM0961,PC-2030,Connect
11/12/2010 07:46:58,TNM0961,PC-2030,Disconnect
11/12/2010 13:42:47,TNM0961,PC-2030,Connect
11/12/2010 14:06:43,TNM0961,PC-2030,Disconnect
11/15/2010 09:24:21,TNM0961,PC-2030,Connect
11/15/2010 09:27:58,TNM0961,PC-2030,Disconnect
11/16/2010 07:13:48,TNM0961,PC-2030,Connect
11/16/2010 07:21:24,TNM0961,PC-2030,Disconnect
11/16/2010 07:51:00,TNM0961,PC-2030,Connect
11/16/2010 08:05:50,TNM0961,PC-2030,Disconnect
11/16/2010 08:26:09,TNM0961,PC-2030,Connect
11/16/2010 08:27:27,TNM0961,PC-2030,Disconnect
11/16/2010 09:02:01,TNM0961,PC-2030,Connect
11/16/2010 09:04:51,TNM0961,PC-2030,Disconnect
11/16/2010 09:08:06,TNM0961,PC-2030,Connect
11/16/2010 09:45:20,TNM0961,PC-2030,Disconnect
11/16/2010 13:35:46,TNM0961,PC-2030,Connect
11/16/2010 14:07:50,TNM0961,PC-2030,Disconnect
11/16/2010 14:47:06,TNM0961,PC-2030,Connect
11/16/2010 15:10:10,TNM0961,PC-2030,Disconnect
11/16/2010 15:50:00,TNM0961,PC-2030,Connect
11/16/2010 16:09:02,TNM0961,PC-2030,Disconnect
11/16/2010 16:15:41,TNM0961,PC-2030,Connect
11/16/2010 16:18:14,TNM0961,PC-2030,Disconnect
11/17/2010 08:46:37,TNM0961,PC-2030,Connect
11/17/2010 09:16:32,TNM0961,PC-2030,Disconnect
11/17/2010 11:55:05,TNM0961,PC-2030,Connect
11/17/2010 12:51:02,TNM0961,PC-2030,Disconnect
11/18/2010 07:53:48,TNM0961,PC-2030,Connect
11/18/2010 08:10:52,TNM0961,PC-2030,Disconnect
11/18/2010 12:57:08,TNM0961,PC-2030,Connect
11/18/2010 13:39:24,TNM0961,PC-2030,Disconnect
11/19/2010 08:06:02,TNM0961,PC-2030,Connect
11/19/2010 08:21:11,TNM0961,PC-2030,Disconnect
11/19/2010 09:05:26,TNM0961,PC-2030,Connect
11/19/2010 09:13:49,TNM0961,PC-2030,Disconnect
11/19/2010 10:05:44,TNM0961,PC-2030,Connect
11/19/2010 10:20:22,TNM0961,PC-2030,Disconnect
11/19/2010 14:00:03,TNM0961,PC-2030,Connect
11/19/2010 14:01:39,TNM0961,PC-2030,Disconnect
11/19/2010 15:01:06,TNM0961,PC-2030,Connect
11/19/2010 15:21:12,TNM0961,PC-2030,Disconnect
11/22/2010 07:46:18,TNM0961,PC-2030,Connect
11/22/2010 08:14:22,TNM0961,PC-2030,Disconnect
11/22/2010 08:41:54,TNM0961,PC-2030,Connect
11/22/2010 08:52:02,TNM0961,PC-2030,Disconnect
11/22/2010 10:48:25,TNM0961,PC-2030,Connect
11/22/2010 11:22:55,TNM0961,PC-2030,Disconnect
11/22/2010 14:01:29,TNM0961,PC-2030,Connect
11/22/2010 14:32:31,TNM0961,PC-2030,Disconnect
11/22/2010 14:50:11,TNM0961,PC-2030,Connect
11/22/2010 15:09:51,TNM0961,PC-2030,Disconnect
11/22/2010 16:03:17,TNM0961,PC-2030,Connect
11/22/2010 16:08:12,TNM0961,PC-2030,Disconnect
11/23/2010 14:28:11,TNM0961,PC-2030,Connect
11/23/2010 15:10:42,TNM0961,PC-2030,Disconnect
11/24/2010 09:28:49,TNM0961,PC-2030,Connect
11/24/2010 10:01:52,TNM0961,PC-2030,Disconnect
11/24/2010 15:30:17,TNM0961,PC-2030,Connect
11/24/2010 16:06:03,TNM0961,PC-2030,Disconnect
11/29/2010 08:22:49,TNM0961,PC-2030,Connect
11/29/2010 08:39:29,TNM0961,PC-2030,Disconnect
11/29/2010 09:00:14,TNM0961,PC-2030,Connect
11/29/2010 10:36:31,TNM0961,PC-2030,Disconnect
11/29/2010 13:30:13,TNM0961,PC-2030,Connect
11/29/2010 13:44:48,TNM0961,PC-2030,Disconnect
11/30/2010 09:07:54,TNM0961,PC-2030,Connect
11/30/2010 09:41:08,TNM0961,PC-2030,Disconnect
11/30/2010 09:41:26,TNM0961,PC-2030,Connect
11/30/2010 09:55:11,TNM0961,PC-2030,Disconnect
11/30/2010 11:44:11,TNM0961,PC-2030,Connect
11/30/2010 11:45:06,TNM0961,PC-2030,Disconnect
12/01/2010 07:37:55,TNM0961,PC-2030,Connect
12/01/2010 07:43:18,TNM0961,PC-2030,Disconnect
12/01/2010 08:58:12,TNM0961,PC-2030,Connect
12/01/2010 08:58:52,TNM0961,PC-2030,Disconnect
12/01/2010 09:01:37,TNM0961,PC-2030,Connect
12/01/2010 09:38:57,TNM0961,PC-2030,Disconnect
12/01/2010 10:29:45,TNM0961,PC-2030,Connect
12/01/2010 10:31:31,TNM0961,PC-2030,Disconnect
12/01/2010 12:26:27,TNM0961,PC-2030,Connect
12/01/2010 12:44:20,TNM0961,PC-2030,Disconnect
12/01/2010 14:57:58,TNM0961,PC-2030,Connect
12/01/2010 15:36:27,TNM0961,PC-2030,Disconnect
12/01/2010 15:51:03,TNM0961,PC-2030,Connect
12/01/2010 16:09:44,TNM0961,PC-2030,Disconnect
12/02/2010 08:25:48,TNM0961,PC-2030,Connect
12/02/2010 08:26:07,TNM0961,PC-2030,Disconnect
12/02/2010 08:38:36,TNM0961,PC-2030,Connect
12/02/2010 08:40:53,TNM0961,PC-2030,Disconnect
12/02/2010 09:21:32,TNM0961,PC-2030,Connect
12/02/2010 09:34:29,TNM0961,PC-2030,Disconnect
12/02/2010 14:36:15,TNM0961,PC-2030,Connect
12/02/2010 14:51:20,TNM0961,PC-2030,Disconnect
12/02/2010 15:07:29,TNM0961,PC-2030,Connect
12/02/2010 15:32:58,TNM0961,PC-2030,Disconnect
12/02/2010 15:38:50,TNM0961,PC-2030,Connect
12/02/2010 15:49:15,TNM0961,PC-2030,Disconnect
12/03/2010 08:15:08,TNM0961,PC-2030,Connect
12/03/2010 09:35:35,TNM0961,PC-2030,Disconnect
12/06/2010 07:28:05,TNM0961,PC-2030,Connect
12/06/2010 07:46:33,TNM0961,PC-2030,Disconnect
12/06/2010 09:31:28,TNM0961,PC-2030,Connect
12/06/2010 09:43:19,TNM0961,PC-2030,Disconnect
12/07/2010 07:27:58,TNM0961,PC-2030,Connect
12/07/2010 08:21:42,TNM0961,PC-2030,Disconnect
12/07/2010 12:35:59,TNM0961,PC-2030,Connect
12/07/2010 12:39:59,TNM0961,PC-2030,Disconnect
12/08/2010 08:37:18,TNM0961,PC-2030,Connect
12/08/2010 08:43:28,TNM0961,PC-2030,Disconnect
12/08/2010 12:11:42,TNM0961,PC-2030,Connect
12/08/2010 12:27:08,TNM0961,PC-2030,Disconnect
12/09/2010 09:39:35,TNM0961,PC-2030,Connect
12/09/2010 09:42:55,TNM0961,PC-2030,Disconnect
12/09/2010 09:50:48,TNM0961,PC-2030,Connect
12/09/2010 09:58:55,TNM0961,PC-2030,Disconnect
12/09/2010 10:03:28,TNM0961,PC-2030,Connect
12/09/2010 10:47:07,TNM0961,PC-2030,Disconnect
12/09/2010 14:36:56,TNM0961,PC-2030,Connect
12/09/2010 14:38:45,TNM0961,PC-2030,Disconnect
12/09/2010 14:47:29,TNM0961,PC-2030,Connect
12/09/2010 15:14:18,TNM0961,PC-2030,Disconnect
12/09/2010 15:25:11,TNM0961,PC-2030,Connect
12/09/2010 15:55:49,TNM0961,PC-2030,Disconnect
12/09/2010 16:00:26,TNM0961,PC-2030,Connect
12/09/2010 16:05:04,TNM0961,PC-2030,Disconnect
12/10/2010 11:44:45,TNM0961,PC-2030,Connect
12/10/2010 11:49:20,TNM0961,PC-2030,Disconnect
12/10/2010 12:05:15,TNM0961,PC-2030,Connect
12/10/2010 12:29:26,TNM0961,PC-2030,Disconnect
12/13/2010 08:03:20,TNM0961,PC-2030,Connect
12/13/2010 08:44:18,TNM0961,PC-2030,Disconnect
