01/04/2010 12:22:10,EDB0714,PC-6103,Connect
01/04/2010 12:49:57,EDB0714,PC-6103,Disconnect
01/04/2010 15:45:03,EDB0714,PC-6103,Connect
01/04/2010 15:50:16,EDB0714,PC-6103,Disconnect
01/05/2010 09:46:03,EDB0714,PC-6103,Connect
01/05/2010 10:43:27,EDB0714,PC-6103,Disconnect
01/05/2010 12:13:25,EDB0714,PC-6103,Connect
01/05/2010 12:40:30,EDB0714,PC-6103,Disconnect
01/06/2010 12:46:11,EDB0714,PC-6103,Connect
01/06/2010 12:48:38,EDB0714,PC-6103,Disconnect
01/06/2010 13:59:02,EDB0714,PC-6103,Connect
01/06/2010 14:25:14,EDB0714,PC-6103,Disconnect
01/06/2010 15:51:26,EDB0714,PC-6103,Connect
01/06/2010 16:22:23,EDB0714,PC-6103,Disconnect
01/07/2010 09:43:41,EDB0714,PC-6103,Connect
01/07/2010 09:46:10,EDB0714,PC-6103,Disconnect
01/07/2010 10:15:26,EDB0714,PC-6103,Connect
01/07/2010 10:29:49,EDB0714,PC-6103,Disconnect
01/07/2010 11:31:05,EDB0714,PC-6103,Connect
01/07/2010 11:41:47,EDB0714,PC-6103,Disconnect
01/07/2010 16:04:21,EDB0714,PC-6103,Connect
01/07/2010 16:15:44,EDB0714,PC-6103,Disconnect
01/08/2010 12:03:57,EDB0714,PC-6103,Connect
01/08/2010 12:33:26,EDB0714,PC-6103,Disconnect
01/08/2010 12:59:36,EDB0714,PC-6103,Connect
01/08/2010 13:10:27,EDB0714,PC-6103,Disconnect
01/11/2010 15:50:04,EDB0714,PC-6103,Connect
01/11/2010 16:12:41,EDB0714,PC-6103,Disconnect
01/11/2010 16:21:23,EDB0714,PC-6103,Connect
01/11/2010 16:23:54,EDB0714,PC-6103,Disconnect
01/12/2010 09:07:12,EDB0714,PC-6103,Connect
01/12/2010 09:12:47,EDB0714,PC-6103,Disconnect
01/12/2010 10:24:01,EDB0714,PC-6103,Connect
01/12/2010 11:10:10,EDB0714,PC-6103,Disconnect
01/12/2010 12:17:00,EDB0714,PC-6103,Connect
01/12/2010 13:33:14,EDB0714,PC-6103,Disconnect
01/12/2010 15:03:34,EDB0714,PC-6103,Connect
01/12/2010 15:35:33,EDB0714,PC-6103,Disconnect
01/13/2010 09:50:31,EDB0714,PC-6103,Connect
01/13/2010 10:13:35,EDB0714,PC-6103,Disconnect
01/13/2010 14:17:03,EDB0714,PC-6103,Connect
01/13/2010 14:33:17,EDB0714,PC-6103,Disconnect
01/15/2010 15:15:36,EDB0714,PC-6103,Connect
01/15/2010 15:36:10,EDB0714,PC-6103,Disconnect
01/19/2010 07:56:25,EDB0714,PC-6103,Connect
01/19/2010 08:02:34,EDB0714,PC-6103,Disconnect
01/19/2010 11:49:45,EDB0714,PC-6103,Connect
01/19/2010 12:15:43,EDB0714,PC-6103,Disconnect
01/19/2010 15:30:45,EDB0714,PC-6103,Connect
01/19/2010 15:57:54,EDB0714,PC-6103,Disconnect
01/20/2010 12:41:44,EDB0714,PC-6103,Connect
01/20/2010 13:41:01,EDB0714,PC-6103,Disconnect
01/21/2010 08:25:14,EDB0714,PC-6103,Connect
01/21/2010 09:48:27,EDB0714,PC-6103,Disconnect
01/21/2010 11:57:26,EDB0714,PC-6103,Connect
01/21/2010 16:01:45,EDB0714,PC-6103,Disconnect
01/22/2010 14:02:53,EDB0714,PC-6103,Connect
01/22/2010 14:42:45,EDB0714,PC-6103,Disconnect
01/22/2010 15:21:57,EDB0714,PC-6103,Connect
01/22/2010 15:52:18,EDB0714,PC-6103,Disconnect
01/25/2010 08:05:06,EDB0714,PC-6103,Connect
01/25/2010 08:46:34,EDB0714,PC-6103,Disconnect
01/25/2010 15:32:42,EDB0714,PC-6103,Connect
01/25/2010 16:22:23,EDB0714,PC-6103,Disconnect
01/26/2010 09:50:12,EDB0714,PC-6103,Connect
01/26/2010 10:28:46,EDB0714,PC-6103,Disconnect
01/26/2010 11:09:29,EDB0714,PC-6103,Connect
01/26/2010 11:22:55,EDB0714,PC-6103,Disconnect
01/26/2010 11:35:28,EDB0714,PC-6103,Connect
01/26/2010 11:44:09,EDB0714,PC-6103,Disconnect
01/27/2010 11:32:05,EDB0714,PC-6103,Connect
01/27/2010 11:32:28,EDB0714,PC-6103,Disconnect
01/28/2010 10:28:59,EDB0714,PC-6103,Connect
01/28/2010 10:35:01,EDB0714,PC-6103,Disconnect
01/28/2010 11:26:58,EDB0714,PC-6103,Connect
01/28/2010 12:02:59,EDB0714,PC-6103,Disconnect
01/29/2010 11:41:15,EDB0714,PC-6103,Connect
01/29/2010 11:55:35,EDB0714,PC-6103,Disconnect
01/29/2010 12:54:09,EDB0714,PC-6103,Connect
01/29/2010 15:14:15,EDB0714,PC-6103,Disconnect
02/01/2010 10:50:14,EDB0714,PC-6103,Connect
02/01/2010 11:11:41,EDB0714,PC-6103,Disconnect
02/01/2010 14:04:22,EDB0714,PC-6103,Connect
02/01/2010 14:52:56,EDB0714,PC-6103,Disconnect
02/02/2010 10:14:16,EDB0714,PC-6103,Connect
02/02/2010 10:28:10,EDB0714,PC-6103,Disconnect
02/02/2010 12:46:58,EDB0714,PC-6103,Connect
02/02/2010 13:35:09,EDB0714,PC-6103,Disconnect
02/03/2010 08:44:30,EDB0714,PC-6103,Connect
02/03/2010 09:18:09,EDB0714,PC-6103,Disconnect
02/03/2010 10:49:03,EDB0714,PC-6103,Connect
02/03/2010 11:07:20,EDB0714,PC-6103,Disconnect
02/04/2010 09:40:20,EDB0714,PC-6103,Connect
02/04/2010 09:53:20,EDB0714,PC-6103,Disconnect
02/04/2010 11:19:33,EDB0714,PC-6103,Connect
02/04/2010 13:37:03,EDB0714,PC-6103,Disconnect
02/05/2010 08:34:40,EDB0714,PC-6103,Connect
02/05/2010 09:07:03,EDB0714,PC-6103,Disconnect
02/05/2010 12:09:51,EDB0714,PC-6103,Connect
02/05/2010 13:29:29,EDB0714,PC-6103,Disconnect
02/08/2010 16:31:05,EDB0714,PC-6103,Connect
02/08/2010 16:48:54,EDB0714,PC-6103,Disconnect
02/09/2010 11:18:59,EDB0714,PC-6103,Connect
02/09/2010 11:27:04,EDB0714,PC-6103,Disconnect
02/09/2010 14:50:05,EDB0714,PC-6103,Connect
02/09/2010 15:12:39,EDB0714,PC-6103,Disconnect
02/10/2010 10:14:53,EDB0714,PC-6103,Connect
02/10/2010 10:58:48,EDB0714,PC-6103,Disconnect
02/11/2010 08:58:46,EDB0714,PC-6103,Connect
02/11/2010 09:36:23,EDB0714,PC-6103,Disconnect
02/11/2010 15:45:55,EDB0714,PC-6103,Connect
02/11/2010 15:54:18,EDB0714,PC-6103,Disconnect
02/12/2010 07:48:47,EDB0714,PC-6103,Connect
02/12/2010 08:05:06,EDB0714,PC-6103,Disconnect
02/12/2010 09:09:11,EDB0714,PC-6103,Connect
02/12/2010 09:09:38,EDB0714,PC-6103,Disconnect
02/12/2010 11:25:59,EDB0714,PC-6103,Connect
02/12/2010 11:32:45,EDB0714,PC-6103,Disconnect
02/16/2010 09:34:53,EDB0714,PC-6103,Connect
02/16/2010 10:00:55,EDB0714,PC-6103,Disconnect
02/16/2010 14:29:11,EDB0714,PC-6103,Connect
02/16/2010 15:11:26,EDB0714,PC-6103,Disconnect
02/17/2010 08:19:21,EDB0714,PC-6103,Connect
02/17/2010 08:39:00,EDB0714,PC-6103,Disconnect
02/17/2010 09:26:14,EDB0714,PC-6103,Connect
02/17/2010 10:32:59,EDB0714,PC-6103,Disconnect
02/17/2010 11:18:17,EDB0714,PC-6103,Connect
02/17/2010 11:34:56,EDB0714,PC-6103,Disconnect
02/17/2010 15:34:40,EDB0714,PC-6103,Connect
02/17/2010 15:34:53,EDB0714,PC-6103,Disconnect
02/18/2010 12:18:56,EDB0714,PC-6103,Connect
02/18/2010 12:56:21,EDB0714,PC-6103,Disconnect
02/18/2010 16:44:36,EDB0714,PC-6103,Connect
02/18/2010 16:58:01,EDB0714,PC-6103,Disconnect
02/19/2010 08:19:28,EDB0714,PC-6103,Connect
02/19/2010 09:35:44,EDB0714,PC-6103,Disconnect
02/22/2010 13:45:57,EDB0714,PC-6103,Connect
02/22/2010 13:56:16,EDB0714,PC-6103,Disconnect
02/23/2010 08:22:27,EDB0714,PC-6103,Connect
02/23/2010 09:15:39,EDB0714,PC-6103,Disconnect
02/23/2010 09:36:16,EDB0714,PC-6103,Connect
02/23/2010 09:56:16,EDB0714,PC-6103,Disconnect
02/23/2010 15:51:44,EDB0714,PC-6103,Connect
02/23/2010 16:19:04,EDB0714,PC-6103,Disconnect
02/23/2010 16:24:14,EDB0714,PC-6103,Connect
02/23/2010 16:34:48,EDB0714,PC-6103,Disconnect
02/24/2010 09:36:32,EDB0714,PC-6103,Connect
02/24/2010 09:40:49,EDB0714,PC-6103,Disconnect
02/24/2010 12:02:44,EDB0714,PC-6103,Connect
02/24/2010 13:14:00,EDB0714,PC-6103,Disconnect
02/24/2010 14:46:58,EDB0714,PC-6103,Connect
02/24/2010 15:03:20,EDB0714,PC-6103,Disconnect
02/25/2010 09:34:22,EDB0714,PC-6103,Connect
02/25/2010 09:50:31,EDB0714,PC-6103,Disconnect
02/25/2010 10:49:43,EDB0714,PC-6103,Connect
02/25/2010 11:38:03,EDB0714,PC-6103,Disconnect
02/26/2010 08:58:58,EDB0714,PC-6103,Connect
02/26/2010 09:19:19,EDB0714,PC-6103,Disconnect
02/26/2010 10:04:17,EDB0714,PC-6103,Connect
02/26/2010 10:57:18,EDB0714,PC-6103,Disconnect
02/26/2010 15:42:42,EDB0714,PC-6103,Connect
02/26/2010 15:53:09,EDB0714,PC-6103,Disconnect
03/01/2010 08:01:51,EDB0714,PC-6103,Connect
03/01/2010 08:11:00,EDB0714,PC-6103,Disconnect
03/01/2010 09:40:08,EDB0714,PC-6103,Connect
03/01/2010 10:32:58,EDB0714,PC-6103,Disconnect
03/02/2010 08:40:22,EDB0714,PC-6103,Connect
03/02/2010 09:17:47,EDB0714,PC-6103,Disconnect
03/02/2010 10:47:34,EDB0714,PC-6103,Connect
03/02/2010 10:51:04,EDB0714,PC-6103,Disconnect
03/02/2010 15:58:39,EDB0714,PC-6103,Connect
03/02/2010 16:19:43,EDB0714,PC-6103,Disconnect
03/03/2010 12:54:01,EDB0714,PC-6103,Connect
03/03/2010 14:09:42,EDB0714,PC-6103,Disconnect
03/04/2010 09:42:46,EDB0714,PC-6103,Connect
03/04/2010 09:50:13,EDB0714,PC-6103,Disconnect
03/04/2010 12:42:39,EDB0714,PC-6103,Connect
03/04/2010 13:09:29,EDB0714,PC-6103,Disconnect
03/08/2010 08:28:32,EDB0714,PC-6103,Connect
03/08/2010 09:15:04,EDB0714,PC-6103,Disconnect
03/08/2010 11:02:07,EDB0714,PC-6103,Connect
03/08/2010 12:01:06,EDB0714,PC-6103,Disconnect
03/08/2010 12:19:32,EDB0714,PC-6103,Connect
03/08/2010 12:44:52,EDB0714,PC-6103,Disconnect
03/09/2010 08:44:34,EDB0714,PC-6103,Connect
03/09/2010 08:47:02,EDB0714,PC-6103,Disconnect
03/10/2010 08:28:21,EDB0714,PC-6103,Connect
03/10/2010 09:12:23,EDB0714,PC-6103,Disconnect
03/11/2010 09:56:55,EDB0714,PC-6103,Connect
03/11/2010 10:09:49,EDB0714,PC-6103,Disconnect
03/11/2010 15:09:18,EDB0714,PC-6103,Connect
03/11/2010 15:34:21,EDB0714,PC-6103,Disconnect
03/11/2010 15:46:18,EDB0714,PC-6103,Connect
03/11/2010 16:01:53,EDB0714,PC-6103,Disconnect
03/12/2010 07:58:53,EDB0714,PC-6103,Connect
03/12/2010 08:09:18,EDB0714,PC-6103,Disconnect
03/12/2010 08:43:51,EDB0714,PC-6103,Connect
03/12/2010 08:58:47,EDB0714,PC-6103,Disconnect
03/12/2010 11:28:55,EDB0714,PC-6103,Connect
03/12/2010 11:46:02,EDB0714,PC-6103,Disconnect
03/12/2010 13:18:23,EDB0714,PC-6103,Connect
03/12/2010 13:18:48,EDB0714,PC-6103,Disconnect
03/15/2010 08:09:27,EDB0714,PC-6103,Connect
03/15/2010 08:34:08,EDB0714,PC-6103,Disconnect
03/16/2010 10:55:33,EDB0714,PC-6103,Connect
03/16/2010 11:31:47,EDB0714,PC-6103,Disconnect
03/18/2010 08:56:26,EDB0714,PC-6103,Connect
03/18/2010 09:17:25,EDB0714,PC-6103,Disconnect
03/18/2010 12:28:36,EDB0714,PC-6103,Connect
03/18/2010 12:49:52,EDB0714,PC-6103,Disconnect
03/18/2010 15:19:16,EDB0714,PC-6103,Connect
03/18/2010 15:40:10,EDB0714,PC-6103,Disconnect
03/19/2010 11:01:10,EDB0714,PC-6103,Connect
03/19/2010 11:11:57,EDB0714,PC-6103,Disconnect
03/19/2010 13:14:53,EDB0714,PC-6103,Connect
03/19/2010 14:34:29,EDB0714,PC-6103,Disconnect
03/22/2010 11:01:40,EDB0714,PC-6103,Connect
03/22/2010 11:08:14,EDB0714,PC-6103,Disconnect
03/23/2010 11:30:07,EDB0714,PC-6103,Connect
03/23/2010 11:58:22,EDB0714,PC-6103,Disconnect
03/23/2010 12:12:49,EDB0714,PC-6103,Connect
03/23/2010 12:27:50,EDB0714,PC-6103,Disconnect
03/23/2010 13:23:02,EDB0714,PC-6103,Connect
03/23/2010 13:58:01,EDB0714,PC-6103,Disconnect
03/24/2010 09:38:53,EDB0714,PC-6103,Connect
03/24/2010 09:52:03,EDB0714,PC-6103,Disconnect
03/24/2010 11:13:29,EDB0714,PC-6103,Connect
03/24/2010 11:18:48,EDB0714,PC-6103,Disconnect
03/25/2010 14:52:09,EDB0714,PC-6103,Connect
03/25/2010 15:08:39,EDB0714,PC-6103,Disconnect
03/25/2010 15:35:34,EDB0714,PC-6103,Connect
03/25/2010 16:09:06,EDB0714,PC-6103,Disconnect
03/26/2010 08:35:51,EDB0714,PC-6103,Connect
03/26/2010 09:04:00,EDB0714,PC-6103,Disconnect
03/26/2010 10:58:49,EDB0714,PC-6103,Connect
03/26/2010 11:14:59,EDB0714,PC-6103,Disconnect
03/26/2010 12:40:44,EDB0714,PC-6103,Connect
03/26/2010 12:46:34,EDB0714,PC-6103,Disconnect
03/29/2010 07:44:11,EDB0714,PC-6103,Connect
03/29/2010 07:46:00,EDB0714,PC-6103,Disconnect
03/29/2010 15:14:27,EDB0714,PC-6103,Connect
03/29/2010 16:24:34,EDB0714,PC-6103,Disconnect
03/30/2010 10:58:55,EDB0714,PC-6103,Connect
03/30/2010 12:24:27,EDB0714,PC-6103,Disconnect
03/31/2010 15:32:52,EDB0714,PC-6103,Connect
03/31/2010 15:33:04,EDB0714,PC-6103,Disconnect
04/01/2010 08:31:12,EDB0714,PC-6103,Connect
04/01/2010 08:39:11,EDB0714,PC-6103,Disconnect
04/01/2010 12:45:54,EDB0714,PC-6103,Connect
04/01/2010 13:00:40,EDB0714,PC-6103,Disconnect
04/01/2010 14:24:57,EDB0714,PC-6103,Connect
04/01/2010 14:25:27,EDB0714,PC-6103,Disconnect
04/05/2010 10:13:37,EDB0714,PC-6103,Connect
04/05/2010 10:29:47,EDB0714,PC-6103,Disconnect
04/05/2010 10:42:31,EDB0714,PC-6103,Connect
04/05/2010 10:57:02,EDB0714,PC-6103,Disconnect
04/05/2010 11:30:28,EDB0714,PC-6103,Connect
04/05/2010 11:36:45,EDB0714,PC-6103,Disconnect
04/05/2010 13:34:30,EDB0714,PC-6103,Connect
04/05/2010 13:57:23,EDB0714,PC-6103,Disconnect
04/06/2010 12:32:20,EDB0714,PC-6103,Connect
04/06/2010 13:19:26,EDB0714,PC-6103,Disconnect
04/06/2010 14:41:15,EDB0714,PC-6103,Connect
04/06/2010 15:28:58,EDB0714,PC-6103,Disconnect
04/07/2010 15:48:50,EDB0714,PC-6103,Connect
04/07/2010 15:57:28,EDB0714,PC-6103,Disconnect
04/07/2010 15:59:08,EDB0714,PC-6103,Connect
04/07/2010 16:14:23,EDB0714,PC-6103,Disconnect
04/08/2010 08:20:50,EDB0714,PC-6103,Connect
04/08/2010 08:50:56,EDB0714,PC-6103,Disconnect
04/08/2010 13:30:21,EDB0714,PC-6103,Connect
04/08/2010 13:57:55,EDB0714,PC-6103,Disconnect
04/08/2010 15:05:58,EDB0714,PC-6103,Connect
04/08/2010 15:20:57,EDB0714,PC-6103,Disconnect
04/09/2010 09:06:52,EDB0714,PC-6103,Connect
04/09/2010 09:36:30,EDB0714,PC-6103,Disconnect
04/09/2010 13:29:27,EDB0714,PC-6103,Connect
04/09/2010 14:29:39,EDB0714,PC-6103,Disconnect
04/09/2010 15:30:24,EDB0714,PC-6103,Connect
04/09/2010 16:19:05,EDB0714,PC-6103,Disconnect
04/12/2010 09:01:37,EDB0714,PC-6103,Connect
04/12/2010 10:05:15,EDB0714,PC-6103,Disconnect
04/12/2010 14:56:32,EDB0714,PC-6103,Connect
04/12/2010 14:59:05,EDB0714,PC-6103,Disconnect
04/12/2010 16:08:51,EDB0714,PC-6103,Connect
04/12/2010 16:36:35,EDB0714,PC-6103,Disconnect
04/13/2010 10:23:02,EDB0714,PC-6103,Connect
04/13/2010 10:31:10,EDB0714,PC-6103,Disconnect
04/13/2010 13:30:23,EDB0714,PC-6103,Connect
04/13/2010 14:05:44,EDB0714,PC-6103,Disconnect
04/14/2010 08:36:29,EDB0714,PC-6103,Connect
04/14/2010 08:46:47,EDB0714,PC-6103,Disconnect
04/14/2010 14:02:12,EDB0714,PC-6103,Connect
04/14/2010 14:06:27,EDB0714,PC-6103,Disconnect
04/14/2010 15:11:19,EDB0714,PC-6103,Connect
04/14/2010 15:22:22,EDB0714,PC-6103,Disconnect
04/15/2010 12:39:38,EDB0714,PC-6103,Connect
04/15/2010 13:05:47,EDB0714,PC-6103,Disconnect
04/15/2010 13:51:05,EDB0714,PC-6103,Connect
04/15/2010 13:55:29,EDB0714,PC-6103,Disconnect
04/15/2010 16:17:11,EDB0714,PC-6103,Connect
04/15/2010 16:31:52,EDB0714,PC-6103,Disconnect
04/16/2010 08:58:28,EDB0714,PC-6103,Connect
04/16/2010 09:05:50,EDB0714,PC-6103,Disconnect
04/16/2010 09:39:35,EDB0714,PC-6103,Connect
04/16/2010 09:45:14,EDB0714,PC-6103,Disconnect
04/16/2010 12:51:05,EDB0714,PC-6103,Connect
04/16/2010 13:09:06,EDB0714,PC-6103,Disconnect
04/19/2010 08:08:58,EDB0714,PC-6103,Connect
04/19/2010 08:18:08,EDB0714,PC-6103,Disconnect
04/19/2010 10:38:58,EDB0714,PC-6103,Connect
04/19/2010 10:48:17,EDB0714,PC-6103,Disconnect
04/19/2010 15:56:36,EDB0714,PC-6103,Connect
04/19/2010 16:10:43,EDB0714,PC-6103,Disconnect
04/20/2010 09:51:43,EDB0714,PC-6103,Connect
04/20/2010 09:52:07,EDB0714,PC-6103,Disconnect
04/20/2010 09:52:44,EDB0714,PC-6103,Connect
04/20/2010 09:53:01,EDB0714,PC-6103,Disconnect
04/21/2010 09:00:20,EDB0714,PC-6103,Connect
04/21/2010 09:51:50,EDB0714,PC-6103,Disconnect
04/21/2010 11:55:49,EDB0714,PC-6103,Connect
04/21/2010 12:01:56,EDB0714,PC-6103,Disconnect
04/21/2010 14:49:22,EDB0714,PC-6103,Connect
04/21/2010 15:53:27,EDB0714,PC-6103,Disconnect
04/22/2010 10:19:21,EDB0714,PC-6103,Connect
04/22/2010 10:27:08,EDB0714,PC-6103,Disconnect
04/22/2010 14:30:54,EDB0714,PC-6103,Connect
04/22/2010 14:42:25,EDB0714,PC-6103,Disconnect
04/23/2010 08:52:45,EDB0714,PC-6103,Connect
04/23/2010 11:37:04,EDB0714,PC-6103,Disconnect
04/23/2010 11:48:49,EDB0714,PC-6103,Connect
04/23/2010 12:06:47,EDB0714,PC-6103,Disconnect
04/23/2010 12:35:08,EDB0714,PC-6103,Connect
04/23/2010 13:04:00,EDB0714,PC-6103,Disconnect
04/26/2010 08:21:20,EDB0714,PC-6103,Connect
04/26/2010 08:39:16,EDB0714,PC-6103,Disconnect
04/26/2010 13:09:38,EDB0714,PC-6103,Connect
04/26/2010 13:29:41,EDB0714,PC-6103,Disconnect
04/27/2010 09:28:12,EDB0714,PC-6103,Connect
04/27/2010 10:00:24,EDB0714,PC-6103,Disconnect
04/27/2010 11:12:47,EDB0714,PC-6103,Connect
04/27/2010 11:50:37,EDB0714,PC-6103,Disconnect
04/28/2010 10:22:07,EDB0714,PC-6103,Connect
04/28/2010 11:17:01,EDB0714,PC-6103,Disconnect
04/28/2010 12:16:34,EDB0714,PC-6103,Connect
04/28/2010 12:38:04,EDB0714,PC-6103,Disconnect
04/28/2010 15:07:13,EDB0714,PC-6103,Connect
04/28/2010 16:09:17,EDB0714,PC-6103,Disconnect
04/29/2010 08:36:32,EDB0714,PC-6103,Connect
04/29/2010 08:45:24,EDB0714,PC-6103,Disconnect
04/29/2010 09:00:18,EDB0714,PC-6103,Connect
04/29/2010 09:01:42,EDB0714,PC-6103,Disconnect
04/30/2010 08:32:30,EDB0714,PC-6103,Connect
04/30/2010 09:43:28,EDB0714,PC-6103,Disconnect
04/30/2010 11:39:02,EDB0714,PC-6103,Connect
04/30/2010 12:20:33,EDB0714,PC-6103,Disconnect
05/03/2010 09:21:38,EDB0714,PC-6103,Connect
05/03/2010 09:50:38,EDB0714,PC-6103,Disconnect
05/03/2010 15:45:42,EDB0714,PC-6103,Connect
05/03/2010 16:30:44,EDB0714,PC-6103,Disconnect
05/04/2010 09:50:12,EDB0714,PC-6103,Connect
05/04/2010 10:17:48,EDB0714,PC-6103,Disconnect
05/04/2010 14:25:20,EDB0714,PC-6103,Connect
05/04/2010 14:46:49,EDB0714,PC-6103,Disconnect
05/05/2010 11:58:33,EDB0714,PC-6103,Connect
05/05/2010 12:26:40,EDB0714,PC-6103,Disconnect
05/06/2010 08:22:36,EDB0714,PC-6103,Connect
05/06/2010 08:59:29,EDB0714,PC-6103,Disconnect
05/06/2010 11:48:10,EDB0714,PC-6103,Connect
05/06/2010 11:58:14,EDB0714,PC-6103,Disconnect
05/07/2010 08:31:08,EDB0714,PC-6103,Connect
05/07/2010 08:41:03,EDB0714,PC-6103,Disconnect
05/07/2010 09:38:05,EDB0714,PC-6103,Connect
05/07/2010 09:46:45,EDB0714,PC-6103,Disconnect
05/07/2010 13:17:56,EDB0714,PC-6103,Connect
05/07/2010 13:28:45,EDB0714,PC-6103,Disconnect
05/07/2010 13:41:14,EDB0714,PC-6103,Connect
05/07/2010 14:10:34,EDB0714,PC-6103,Disconnect
05/10/2010 08:28:55,EDB0714,PC-6103,Connect
05/10/2010 08:43:57,EDB0714,PC-6103,Disconnect
05/10/2010 10:02:19,EDB0714,PC-6103,Connect
05/10/2010 10:07:03,EDB0714,PC-6103,Disconnect
05/10/2010 12:46:21,EDB0714,PC-6103,Connect
05/10/2010 12:47:52,EDB0714,PC-6103,Disconnect
05/10/2010 13:45:12,EDB0714,PC-6103,Connect
05/10/2010 13:48:22,EDB0714,PC-6103,Disconnect
05/10/2010 15:14:57,EDB0714,PC-6103,Connect
05/10/2010 15:23:41,EDB0714,PC-6103,Disconnect
05/11/2010 12:09:52,EDB0714,PC-6103,Connect
05/11/2010 12:44:14,EDB0714,PC-6103,Disconnect
05/12/2010 10:29:47,EDB0714,PC-6103,Connect
05/12/2010 11:12:19,EDB0714,PC-6103,Disconnect
05/12/2010 12:46:50,EDB0714,PC-6103,Connect
05/12/2010 13:14:13,EDB0714,PC-6103,Disconnect
05/13/2010 08:54:31,EDB0714,PC-6103,Connect
05/13/2010 10:27:54,EDB0714,PC-6103,Disconnect
05/14/2010 13:33:41,EDB0714,PC-6103,Connect
05/14/2010 14:21:33,EDB0714,PC-6103,Disconnect
05/17/2010 07:45:20,EDB0714,PC-6103,Connect
05/17/2010 08:13:00,EDB0714,PC-6103,Disconnect
05/17/2010 15:58:53,EDB0714,PC-6103,Connect
05/17/2010 16:01:15,EDB0714,PC-6103,Disconnect
05/18/2010 10:13:05,EDB0714,PC-6103,Connect
05/18/2010 11:18:34,EDB0714,PC-6103,Disconnect
05/18/2010 12:44:35,EDB0714,PC-6103,Connect
05/18/2010 13:35:39,EDB0714,PC-6103,Disconnect
05/18/2010 14:37:30,EDB0714,PC-6103,Connect
05/18/2010 14:46:27,EDB0714,PC-6103,Disconnect
05/19/2010 09:01:59,EDB0714,PC-6103,Connect
05/19/2010 09:22:39,EDB0714,PC-6103,Disconnect
05/19/2010 10:58:15,EDB0714,PC-6103,Connect
05/19/2010 12:30:04,EDB0714,PC-6103,Disconnect
05/19/2010 15:37:55,EDB0714,PC-6103,Connect
05/19/2010 15:40:12,EDB0714,PC-6103,Disconnect
05/20/2010 09:19:30,EDB0714,PC-6103,Connect
05/20/2010 10:13:33,EDB0714,PC-6103,Disconnect
05/20/2010 11:08:08,EDB0714,PC-6103,Connect
05/20/2010 13:46:43,EDB0714,PC-6103,Disconnect
05/20/2010 16:25:18,EDB0714,PC-6103,Connect
05/20/2010 16:45:04,EDB0714,PC-6103,Disconnect
05/21/2010 08:21:41,EDB0714,PC-6103,Connect
05/21/2010 08:28:53,EDB0714,PC-6103,Disconnect
05/21/2010 09:48:22,EDB0714,PC-6103,Connect
05/21/2010 10:25:24,EDB0714,PC-6103,Disconnect
05/21/2010 12:50:32,EDB0714,PC-6103,Connect
05/21/2010 14:13:04,EDB0714,PC-6103,Disconnect
05/24/2010 08:53:12,EDB0714,PC-6103,Connect
05/24/2010 09:36:27,EDB0714,PC-6103,Disconnect
05/25/2010 11:17:39,EDB0714,PC-6103,Connect
05/25/2010 11:33:41,EDB0714,PC-6103,Disconnect
05/25/2010 14:49:30,EDB0714,PC-6103,Connect
05/25/2010 15:01:37,EDB0714,PC-6103,Disconnect
05/26/2010 09:07:57,EDB0714,PC-6103,Connect
05/26/2010 10:16:23,EDB0714,PC-6103,Disconnect
05/26/2010 13:04:57,EDB0714,PC-6103,Connect
05/26/2010 13:11:38,EDB0714,PC-6103,Disconnect
05/27/2010 12:24:15,EDB0714,PC-6103,Connect
05/27/2010 12:24:56,EDB0714,PC-6103,Disconnect
05/27/2010 13:51:36,EDB0714,PC-6103,Connect
05/27/2010 14:13:33,EDB0714,PC-6103,Disconnect
05/28/2010 14:03:26,EDB0714,PC-6103,Connect
05/28/2010 14:11:40,EDB0714,PC-6103,Disconnect
05/28/2010 14:12:22,EDB0714,PC-6103,Connect
05/28/2010 14:13:07,EDB0714,PC-6103,Disconnect
05/28/2010 14:13:43,EDB0714,PC-6103,Connect
05/28/2010 14:15:19,EDB0714,PC-6103,Disconnect
06/01/2010 14:15:10,EDB0714,PC-6103,Connect
06/01/2010 14:23:08,EDB0714,PC-6103,Disconnect
06/02/2010 09:43:17,EDB0714,PC-6103,Connect
06/02/2010 10:22:44,EDB0714,PC-6103,Disconnect
06/02/2010 12:37:19,EDB0714,PC-6103,Connect
06/02/2010 13:07:16,EDB0714,PC-6103,Disconnect
06/03/2010 12:33:10,EDB0714,PC-6103,Connect
06/03/2010 14:41:57,EDB0714,PC-6103,Disconnect
06/03/2010 15:17:25,EDB0714,PC-6103,Connect
06/03/2010 16:51:02,EDB0714,PC-6103,Disconnect
06/04/2010 09:42:21,EDB0714,PC-6103,Connect
06/04/2010 09:52:30,EDB0714,PC-6103,Disconnect
06/04/2010 13:39:01,EDB0714,PC-6103,Connect
06/04/2010 13:47:38,EDB0714,PC-6103,Disconnect
06/07/2010 08:29:08,EDB0714,PC-6103,Connect
06/07/2010 08:38:59,EDB0714,PC-6103,Disconnect
06/07/2010 09:41:12,EDB0714,PC-6103,Connect
06/07/2010 09:41:21,EDB0714,PC-6103,Disconnect
06/07/2010 11:37:22,EDB0714,PC-6103,Connect
06/07/2010 11:41:54,EDB0714,PC-6103,Disconnect
06/07/2010 13:37:11,EDB0714,PC-6103,Connect
06/07/2010 13:38:36,EDB0714,PC-6103,Disconnect
06/08/2010 09:45:36,EDB0714,PC-6103,Connect
06/08/2010 10:30:04,EDB0714,PC-6103,Disconnect
06/09/2010 11:50:14,EDB0714,PC-6103,Connect
06/09/2010 12:13:52,EDB0714,PC-6103,Disconnect
06/09/2010 13:49:14,EDB0714,PC-6103,Connect
06/09/2010 14:44:36,EDB0714,PC-6103,Disconnect
06/10/2010 08:02:56,EDB0714,PC-6103,Connect
06/10/2010 08:37:05,EDB0714,PC-6103,Disconnect
06/10/2010 11:23:34,EDB0714,PC-6103,Connect
06/10/2010 12:20:26,EDB0714,PC-6103,Disconnect
06/10/2010 12:58:35,EDB0714,PC-6103,Connect
06/10/2010 13:19:45,EDB0714,PC-6103,Disconnect
06/11/2010 07:59:05,EDB0714,PC-6103,Connect
06/11/2010 09:49:38,EDB0714,PC-6103,Disconnect
06/11/2010 11:41:01,EDB0714,PC-6103,Connect
06/11/2010 11:48:23,EDB0714,PC-6103,Disconnect
06/11/2010 12:19:51,EDB0714,PC-6103,Connect
06/11/2010 12:55:15,EDB0714,PC-6103,Disconnect
06/11/2010 13:09:20,EDB0714,PC-6103,Connect
06/11/2010 13:40:47,EDB0714,PC-6103,Disconnect
06/14/2010 10:15:38,EDB0714,PC-6103,Connect
06/14/2010 10:36:53,EDB0714,PC-6103,Disconnect
06/14/2010 11:49:25,EDB0714,PC-6103,Connect
06/14/2010 12:08:20,EDB0714,PC-6103,Disconnect
06/14/2010 15:43:37,EDB0714,PC-6103,Connect
06/14/2010 15:52:57,EDB0714,PC-6103,Disconnect
06/15/2010 14:27:03,EDB0714,PC-6103,Connect
06/15/2010 14:54:58,EDB0714,PC-6103,Disconnect
06/15/2010 15:04:24,EDB0714,PC-6103,Connect
06/15/2010 15:42:55,EDB0714,PC-6103,Disconnect
06/16/2010 08:32:49,EDB0714,PC-6103,Connect
06/16/2010 09:31:13,EDB0714,PC-6103,Disconnect
06/16/2010 11:06:34,EDB0714,PC-6103,Connect
06/16/2010 12:15:20,EDB0714,PC-6103,Disconnect
06/17/2010 15:00:51,EDB0714,PC-6103,Connect
06/17/2010 15:20:42,EDB0714,PC-6103,Disconnect
06/18/2010 12:36:51,EDB0714,PC-6103,Connect
06/18/2010 15:56:14,EDB0714,PC-6103,Disconnect
06/21/2010 10:09:24,EDB0714,PC-6103,Connect
06/21/2010 11:53:27,EDB0714,PC-6103,Disconnect
06/21/2010 13:03:23,EDB0714,PC-6103,Connect
06/21/2010 13:27:50,EDB0714,PC-6103,Disconnect
06/22/2010 07:38:37,EDB0714,PC-6103,Connect
06/22/2010 08:05:15,EDB0714,PC-6103,Disconnect
06/22/2010 08:06:40,EDB0714,PC-6103,Connect
06/22/2010 08:08:41,EDB0714,PC-6103,Disconnect
06/22/2010 12:20:53,EDB0714,PC-6103,Connect
06/22/2010 12:22:09,EDB0714,PC-6103,Disconnect
06/23/2010 11:56:59,EDB0714,PC-6103,Connect
06/23/2010 12:36:00,EDB0714,PC-6103,Disconnect
06/23/2010 13:39:13,EDB0714,PC-6103,Connect
06/23/2010 14:03:32,EDB0714,PC-6103,Disconnect
06/23/2010 14:20:33,EDB0714,PC-6103,Connect
06/23/2010 14:23:30,EDB0714,PC-6103,Disconnect
06/24/2010 07:55:05,EDB0714,PC-6103,Connect
06/24/2010 08:35:05,EDB0714,PC-6103,Disconnect
06/24/2010 08:35:42,EDB0714,PC-6103,Connect
06/24/2010 08:41:31,EDB0714,PC-6103,Disconnect
06/24/2010 15:07:05,EDB0714,PC-6103,Connect
06/24/2010 16:27:19,EDB0714,PC-6103,Disconnect
06/25/2010 10:35:14,EDB0714,PC-6103,Connect
06/25/2010 12:49:38,EDB0714,PC-6103,Disconnect
06/25/2010 14:32:40,EDB0714,PC-6103,Connect
06/25/2010 15:41:47,EDB0714,PC-6103,Disconnect
06/28/2010 07:57:39,EDB0714,PC-6103,Connect
06/28/2010 08:14:57,EDB0714,PC-6103,Disconnect
06/28/2010 10:15:17,EDB0714,PC-6103,Connect
06/28/2010 10:20:47,EDB0714,PC-6103,Disconnect
06/28/2010 11:08:56,EDB0714,PC-6103,Connect
06/28/2010 12:11:49,EDB0714,PC-6103,Disconnect
06/29/2010 10:24:04,EDB0714,PC-6103,Connect
06/29/2010 11:12:31,EDB0714,PC-6103,Disconnect
06/29/2010 15:43:53,EDB0714,PC-6103,Connect
06/29/2010 16:32:27,EDB0714,PC-6103,Disconnect
06/30/2010 07:49:10,EDB0714,PC-6103,Connect
06/30/2010 09:18:06,EDB0714,PC-6103,Disconnect
06/30/2010 11:21:06,EDB0714,PC-6103,Connect
06/30/2010 12:01:29,EDB0714,PC-6103,Disconnect
06/30/2010 14:30:05,EDB0714,PC-6103,Connect
06/30/2010 15:24:22,EDB0714,PC-6103,Disconnect
07/01/2010 07:38:51,EDB0714,PC-6103,Connect
07/01/2010 07:56:13,EDB0714,PC-6103,Disconnect
07/01/2010 12:24:42,EDB0714,PC-6103,Connect
07/01/2010 13:14:19,EDB0714,PC-6103,Disconnect
07/01/2010 14:29:03,EDB0714,PC-6103,Connect
07/01/2010 14:34:34,EDB0714,PC-6103,Disconnect
07/02/2010 08:18:44,EDB0714,PC-6103,Connect
07/02/2010 09:12:42,EDB0714,PC-6103,Disconnect
07/02/2010 10:50:23,EDB0714,PC-6103,Connect
07/02/2010 12:24:36,EDB0714,PC-6103,Disconnect
07/06/2010 10:14:00,EDB0714,PC-6103,Connect
07/06/2010 13:25:16,EDB0714,PC-6103,Disconnect
07/07/2010 09:22:24,EDB0714,PC-6103,Connect
07/07/2010 09:33:21,EDB0714,PC-6103,Disconnect
07/07/2010 13:06:33,EDB0714,PC-6103,Connect
07/07/2010 13:27:20,EDB0714,PC-6103,Disconnect
07/08/2010 08:58:46,EDB0714,PC-6103,Connect
07/08/2010 10:52:36,EDB0714,PC-6103,Disconnect
07/09/2010 14:41:32,EDB0714,PC-6103,Connect
07/09/2010 14:46:11,EDB0714,PC-6103,Disconnect
07/12/2010 10:33:14,EDB0714,PC-6103,Connect
07/12/2010 10:47:25,EDB0714,PC-6103,Disconnect
07/12/2010 15:48:19,EDB0714,PC-6103,Connect
07/12/2010 16:21:59,EDB0714,PC-6103,Disconnect
07/13/2010 13:45:12,EDB0714,PC-6103,Connect
07/13/2010 13:49:53,EDB0714,PC-6103,Disconnect
07/14/2010 09:42:04,EDB0714,PC-6103,Connect
07/14/2010 09:55:07,EDB0714,PC-6103,Disconnect
07/14/2010 13:31:16,EDB0714,PC-6103,Connect
07/14/2010 14:08:15,EDB0714,PC-6103,Disconnect
07/15/2010 13:13:04,EDB0714,PC-6103,Connect
07/15/2010 13:20:18,EDB0714,PC-6103,Disconnect
07/15/2010 14:15:37,EDB0714,PC-6103,Connect
07/15/2010 14:22:34,EDB0714,PC-6103,Disconnect
07/16/2010 10:40:07,EDB0714,PC-6103,Connect
07/16/2010 10:59:16,EDB0714,PC-6103,Disconnect
07/19/2010 07:56:25,EDB0714,PC-6103,Connect
07/19/2010 07:58:21,EDB0714,PC-6103,Disconnect
07/19/2010 08:02:39,EDB0714,PC-6103,Connect
07/19/2010 08:11:43,EDB0714,PC-6103,Disconnect
07/19/2010 08:11:51,EDB0714,PC-6103,Connect
07/19/2010 08:29:59,EDB0714,PC-6103,Disconnect
07/20/2010 08:59:13,EDB0714,PC-6103,Connect
07/20/2010 09:01:46,EDB0714,PC-6103,Disconnect
07/20/2010 09:06:28,EDB0714,PC-6103,Connect
07/20/2010 09:26:34,EDB0714,PC-6103,Disconnect
07/20/2010 12:23:41,EDB0714,PC-6103,Connect
07/20/2010 12:27:47,EDB0714,PC-6103,Disconnect
07/21/2010 09:24:14,EDB0714,PC-6103,Connect
07/21/2010 09:24:44,EDB0714,PC-6103,Disconnect
07/21/2010 10:35:59,EDB0714,PC-6103,Connect
07/21/2010 11:45:41,EDB0714,PC-6103,Disconnect
07/21/2010 15:04:21,EDB0714,PC-6103,Connect
07/21/2010 15:17:26,EDB0714,PC-6103,Disconnect
07/22/2010 08:39:42,EDB0714,PC-6103,Connect
07/22/2010 09:04:32,EDB0714,PC-6103,Disconnect
07/22/2010 11:27:46,EDB0714,PC-6103,Connect
07/22/2010 11:47:51,EDB0714,PC-6103,Disconnect
07/22/2010 13:25:13,EDB0714,PC-6103,Connect
07/22/2010 13:25:34,EDB0714,PC-6103,Disconnect
07/22/2010 15:06:16,EDB0714,PC-6103,Connect
07/22/2010 15:52:41,EDB0714,PC-6103,Disconnect
07/23/2010 10:53:47,EDB0714,PC-6103,Connect
07/23/2010 11:03:53,EDB0714,PC-6103,Disconnect
07/23/2010 11:54:22,EDB0714,PC-6103,Connect
07/23/2010 11:57:26,EDB0714,PC-6103,Disconnect
07/23/2010 14:43:10,EDB0714,PC-6103,Connect
07/23/2010 15:01:41,EDB0714,PC-6103,Disconnect
07/23/2010 15:14:40,EDB0714,PC-6103,Connect
07/23/2010 15:30:06,EDB0714,PC-6103,Disconnect
07/26/2010 11:34:45,EDB0714,PC-6103,Connect
07/26/2010 11:42:46,EDB0714,PC-6103,Disconnect
07/26/2010 14:35:19,EDB0714,PC-6103,Connect
07/26/2010 14:39:54,EDB0714,PC-6103,Disconnect
07/27/2010 09:15:09,EDB0714,PC-6103,Connect
07/27/2010 09:21:57,EDB0714,PC-6103,Disconnect
07/27/2010 13:48:44,EDB0714,PC-6103,Connect
07/27/2010 14:00:41,EDB0714,PC-6103,Disconnect
07/27/2010 15:51:34,EDB0714,PC-6103,Connect
07/27/2010 16:09:55,EDB0714,PC-6103,Disconnect
07/28/2010 13:14:48,EDB0714,PC-6103,Connect
07/28/2010 14:55:53,EDB0714,PC-6103,Disconnect
07/28/2010 15:55:49,EDB0714,PC-6103,Connect
07/28/2010 16:00:41,EDB0714,PC-6103,Disconnect
07/29/2010 08:48:50,EDB0714,PC-6103,Connect
07/29/2010 09:29:28,EDB0714,PC-6103,Disconnect
07/29/2010 13:26:16,EDB0714,PC-6103,Connect
07/29/2010 13:51:16,EDB0714,PC-6103,Disconnect
07/29/2010 15:30:59,EDB0714,PC-6103,Connect
07/29/2010 16:06:55,EDB0714,PC-6103,Disconnect
07/30/2010 11:10:25,EDB0714,PC-6103,Connect
07/30/2010 11:12:36,EDB0714,PC-6103,Disconnect
08/02/2010 09:15:05,EDB0714,PC-6103,Connect
08/02/2010 10:23:19,EDB0714,PC-6103,Disconnect
08/03/2010 12:24:08,EDB0714,PC-6103,Connect
08/03/2010 12:34:11,EDB0714,PC-6103,Disconnect
08/04/2010 09:15:55,EDB0714,PC-6103,Connect
08/04/2010 09:25:28,EDB0714,PC-6103,Disconnect
08/04/2010 11:45:05,EDB0714,PC-6103,Connect
08/04/2010 11:48:07,EDB0714,PC-6103,Disconnect
08/04/2010 11:56:57,EDB0714,PC-6103,Connect
08/04/2010 12:00:24,EDB0714,PC-6103,Disconnect
08/05/2010 11:11:55,EDB0714,PC-6103,Connect
08/05/2010 11:26:36,EDB0714,PC-6103,Disconnect
08/06/2010 08:11:32,EDB0714,PC-6103,Connect
08/06/2010 08:58:01,EDB0714,PC-6103,Disconnect
08/06/2010 13:18:46,EDB0714,PC-6103,Connect
08/06/2010 13:41:40,EDB0714,PC-6103,Disconnect
08/06/2010 15:01:12,EDB0714,PC-6103,Connect
08/06/2010 16:00:13,EDB0714,PC-6103,Disconnect
08/09/2010 10:38:44,EDB0714,PC-6103,Connect
08/09/2010 11:07:02,EDB0714,PC-6103,Disconnect
08/09/2010 12:17:20,EDB0714,PC-6103,Connect
08/09/2010 12:24:50,EDB0714,PC-6103,Disconnect
08/09/2010 14:20:17,EDB0714,PC-6103,Connect
08/09/2010 14:34:39,EDB0714,PC-6103,Disconnect
08/10/2010 08:26:31,EDB0714,PC-6103,Connect
08/10/2010 09:10:31,EDB0714,PC-6103,Disconnect
08/11/2010 08:49:23,EDB0714,PC-6103,Connect
08/11/2010 08:56:54,EDB0714,PC-6103,Disconnect
08/11/2010 12:40:11,EDB0714,PC-6103,Connect
08/11/2010 12:51:08,EDB0714,PC-6103,Disconnect
08/12/2010 09:24:55,EDB0714,PC-6103,Connect
08/12/2010 09:25:27,EDB0714,PC-6103,Disconnect
08/13/2010 08:16:13,EDB0714,PC-6103,Connect
08/13/2010 08:34:32,EDB0714,PC-6103,Disconnect
08/13/2010 12:29:42,EDB0714,PC-6103,Connect
08/13/2010 13:02:15,EDB0714,PC-6103,Disconnect
08/13/2010 15:20:45,EDB0714,PC-6103,Connect
08/13/2010 15:29:07,EDB0714,PC-6103,Disconnect
08/16/2010 08:03:57,EDB0714,PC-6103,Connect
08/16/2010 08:07:02,EDB0714,PC-6103,Disconnect
08/16/2010 08:08:43,EDB0714,PC-6103,Connect
08/16/2010 08:10:59,EDB0714,PC-6103,Disconnect
08/16/2010 10:17:30,EDB0714,PC-6103,Connect
08/16/2010 10:26:10,EDB0714,PC-6103,Disconnect
08/18/2010 10:20:17,EDB0714,PC-6103,Connect
08/18/2010 10:39:00,EDB0714,PC-6103,Disconnect
08/18/2010 14:16:11,EDB0714,PC-6103,Connect
08/18/2010 15:56:29,EDB0714,PC-6103,Disconnect
08/19/2010 09:21:26,EDB0714,PC-6103,Connect
08/19/2010 09:22:35,EDB0714,PC-6103,Disconnect
08/19/2010 11:05:01,EDB0714,PC-6103,Connect
08/19/2010 11:40:17,EDB0714,PC-6103,Disconnect
08/19/2010 13:58:50,EDB0714,PC-6103,Connect
08/19/2010 14:02:35,EDB0714,PC-6103,Disconnect
08/20/2010 13:57:52,EDB0714,PC-6103,Connect
08/20/2010 13:58:28,EDB0714,PC-6103,Disconnect
08/20/2010 15:04:28,EDB0714,PC-6103,Connect
08/20/2010 15:25:37,EDB0714,PC-6103,Disconnect
08/23/2010 08:55:45,EDB0714,PC-6103,Connect
08/23/2010 08:56:04,EDB0714,PC-6103,Disconnect
08/23/2010 11:52:11,EDB0714,PC-6103,Connect
08/23/2010 12:15:20,EDB0714,PC-6103,Disconnect
08/24/2010 09:53:17,EDB0714,PC-6103,Connect
08/24/2010 10:09:37,EDB0714,PC-6103,Disconnect
08/24/2010 10:57:30,EDB0714,PC-6103,Connect
08/24/2010 10:59:43,EDB0714,PC-6103,Disconnect
08/24/2010 15:55:32,EDB0714,PC-6103,Connect
08/24/2010 16:30:30,EDB0714,PC-6103,Disconnect
08/25/2010 10:13:41,EDB0714,PC-6103,Connect
08/25/2010 10:57:41,EDB0714,PC-6103,Disconnect
08/26/2010 08:51:37,EDB0714,PC-6103,Connect
08/26/2010 09:19:43,EDB0714,PC-6103,Disconnect
08/26/2010 15:44:16,EDB0714,PC-6103,Connect
08/26/2010 15:56:19,EDB0714,PC-6103,Disconnect
08/27/2010 08:46:25,EDB0714,PC-6103,Connect
08/27/2010 08:56:40,EDB0714,PC-6103,Disconnect
08/27/2010 15:36:11,EDB0714,PC-6103,Connect
08/27/2010 16:34:30,EDB0714,PC-6103,Disconnect
08/30/2010 08:40:36,EDB0714,PC-6103,Connect
08/30/2010 09:38:49,EDB0714,PC-6103,Disconnect
08/30/2010 15:03:58,EDB0714,PC-6103,Connect
08/30/2010 16:02:30,EDB0714,PC-6103,Disconnect
08/31/2010 12:27:50,EDB0714,PC-6103,Connect
08/31/2010 12:39:58,EDB0714,PC-6103,Disconnect
08/31/2010 15:46:07,EDB0714,PC-6103,Connect
08/31/2010 16:12:39,EDB0714,PC-6103,Disconnect
09/01/2010 08:21:11,EDB0714,PC-6103,Connect
09/01/2010 09:04:11,EDB0714,PC-6103,Disconnect
09/01/2010 12:19:56,EDB0714,PC-6103,Connect
09/01/2010 12:27:02,EDB0714,PC-6103,Disconnect
09/02/2010 08:58:21,EDB0714,PC-6103,Connect
09/02/2010 09:01:26,EDB0714,PC-6103,Disconnect
09/02/2010 11:34:34,EDB0714,PC-6103,Connect
09/02/2010 11:59:00,EDB0714,PC-6103,Disconnect
09/02/2010 15:05:19,EDB0714,PC-6103,Connect
09/02/2010 15:43:29,EDB0714,PC-6103,Disconnect
09/03/2010 08:43:31,EDB0714,PC-6103,Connect
09/03/2010 09:39:35,EDB0714,PC-6103,Disconnect
09/03/2010 12:29:33,EDB0714,PC-6103,Connect
09/03/2010 12:36:00,EDB0714,PC-6103,Disconnect
09/03/2010 15:50:06,EDB0714,PC-6103,Connect
09/03/2010 16:13:28,EDB0714,PC-6103,Disconnect
09/07/2010 08:23:40,EDB0714,PC-6103,Connect
09/07/2010 09:56:20,EDB0714,PC-6103,Disconnect
09/07/2010 14:37:28,EDB0714,PC-6103,Connect
09/07/2010 15:44:20,EDB0714,PC-6103,Disconnect
09/08/2010 10:02:25,EDB0714,PC-6103,Connect
09/08/2010 10:42:46,EDB0714,PC-6103,Disconnect
09/08/2010 11:09:25,EDB0714,PC-6103,Connect
09/08/2010 11:10:29,EDB0714,PC-6103,Disconnect
09/08/2010 15:36:24,EDB0714,PC-6103,Connect
09/08/2010 15:36:45,EDB0714,PC-6103,Disconnect
09/09/2010 07:51:36,EDB0714,PC-6103,Connect
09/09/2010 07:54:09,EDB0714,PC-6103,Disconnect
09/09/2010 16:42:00,EDB0714,PC-6103,Connect
09/09/2010 16:45:43,EDB0714,PC-6103,Disconnect
09/09/2010 16:45:58,EDB0714,PC-6103,Connect
09/09/2010 16:46:03,EDB0714,PC-6103,Disconnect
09/10/2010 09:16:33,EDB0714,PC-6103,Connect
09/10/2010 09:22:45,EDB0714,PC-6103,Disconnect
09/10/2010 09:35:59,EDB0714,PC-6103,Connect
09/10/2010 10:08:52,EDB0714,PC-6103,Disconnect
09/10/2010 15:52:16,EDB0714,PC-6103,Connect
09/10/2010 15:55:11,EDB0714,PC-6103,Disconnect
09/13/2010 08:17:01,EDB0714,PC-6103,Connect
09/13/2010 08:23:09,EDB0714,PC-6103,Disconnect
09/13/2010 12:59:07,EDB0714,PC-6103,Connect
09/13/2010 13:07:04,EDB0714,PC-6103,Disconnect
09/13/2010 16:33:06,EDB0714,PC-6103,Connect
09/13/2010 16:53:45,EDB0714,PC-6103,Disconnect
09/14/2010 08:18:59,EDB0714,PC-6103,Connect
09/14/2010 09:01:45,EDB0714,PC-6103,Disconnect
09/14/2010 09:26:04,EDB0714,PC-6103,Connect
09/14/2010 09:34:03,EDB0714,PC-6103,Disconnect
09/14/2010 14:29:18,EDB0714,PC-6103,Connect
09/14/2010 14:54:21,EDB0714,PC-6103,Disconnect
09/14/2010 15:19:10,EDB0714,PC-6103,Connect
09/14/2010 15:37:20,EDB0714,PC-6103,Disconnect
09/15/2010 14:01:18,EDB0714,PC-6103,Connect
09/15/2010 14:08:40,EDB0714,PC-6103,Disconnect
09/16/2010 09:35:10,EDB0714,PC-6103,Connect
09/16/2010 09:46:56,EDB0714,PC-6103,Disconnect
09/17/2010 08:40:07,EDB0714,PC-6103,Connect
09/17/2010 09:10:35,EDB0714,PC-6103,Disconnect
09/17/2010 10:37:53,EDB0714,PC-6103,Connect
09/17/2010 10:41:36,EDB0714,PC-6103,Disconnect
09/21/2010 09:15:59,EDB0714,PC-6103,Connect
09/21/2010 10:17:10,EDB0714,PC-6103,Disconnect
09/21/2010 14:48:44,EDB0714,PC-6103,Connect
09/21/2010 14:52:07,EDB0714,PC-6103,Disconnect
09/22/2010 10:05:56,EDB0714,PC-6103,Connect
09/22/2010 10:23:34,EDB0714,PC-6103,Disconnect
09/22/2010 12:55:21,EDB0714,PC-6103,Connect
09/22/2010 13:22:23,EDB0714,PC-6103,Disconnect
09/22/2010 14:29:25,EDB0714,PC-6103,Connect
09/22/2010 15:37:29,EDB0714,PC-6103,Disconnect
09/23/2010 15:02:43,EDB0714,PC-6103,Connect
09/23/2010 15:16:40,EDB0714,PC-6103,Disconnect
09/24/2010 08:11:51,EDB0714,PC-6103,Connect
09/24/2010 09:26:57,EDB0714,PC-6103,Disconnect
09/24/2010 11:27:33,EDB0714,PC-6103,Connect
09/24/2010 11:57:30,EDB0714,PC-6103,Disconnect
09/27/2010 08:16:16,EDB0714,PC-6103,Connect
09/27/2010 08:34:06,EDB0714,PC-6103,Disconnect
09/27/2010 09:59:01,EDB0714,PC-6103,Connect
09/27/2010 10:24:33,EDB0714,PC-6103,Disconnect
09/28/2010 08:01:43,EDB0714,PC-6103,Connect
09/28/2010 08:22:48,EDB0714,PC-6103,Disconnect
09/28/2010 11:34:18,EDB0714,PC-6103,Connect
09/28/2010 11:38:35,EDB0714,PC-6103,Disconnect
09/29/2010 08:00:11,EDB0714,PC-6103,Connect
09/29/2010 08:27:03,EDB0714,PC-6103,Disconnect
09/29/2010 11:32:53,EDB0714,PC-6103,Connect
09/29/2010 11:54:41,EDB0714,PC-6103,Disconnect
09/29/2010 13:20:27,EDB0714,PC-6103,Connect
09/29/2010 14:09:53,EDB0714,PC-6103,Disconnect
10/01/2010 12:12:01,EDB0714,PC-6103,Connect
10/01/2010 12:12:16,EDB0714,PC-6103,Disconnect
10/01/2010 13:21:44,EDB0714,PC-6103,Connect
10/01/2010 13:58:39,EDB0714,PC-6103,Disconnect
10/04/2010 08:32:17,EDB0714,PC-6103,Connect
10/04/2010 08:46:11,EDB0714,PC-6103,Disconnect
10/04/2010 09:08:32,EDB0714,PC-6103,Connect
10/04/2010 09:24:11,EDB0714,PC-6103,Disconnect
10/04/2010 15:07:15,EDB0714,PC-6103,Connect
10/04/2010 15:32:06,EDB0714,PC-6103,Disconnect
10/06/2010 12:12:10,EDB0714,PC-6103,Connect
10/06/2010 13:15:18,EDB0714,PC-6103,Disconnect
10/07/2010 11:23:21,EDB0714,PC-6103,Connect
10/07/2010 11:25:45,EDB0714,PC-6103,Disconnect
10/08/2010 10:00:52,EDB0714,PC-6103,Connect
10/08/2010 10:21:47,EDB0714,PC-6103,Disconnect
10/11/2010 10:19:08,EDB0714,PC-6103,Connect
10/11/2010 10:38:13,EDB0714,PC-6103,Disconnect
10/11/2010 12:06:05,EDB0714,PC-6103,Connect
10/11/2010 12:13:54,EDB0714,PC-6103,Disconnect
10/11/2010 14:42:31,EDB0714,PC-6103,Connect
10/11/2010 15:02:44,EDB0714,PC-6103,Disconnect
10/11/2010 16:07:34,EDB0714,PC-6103,Connect
10/11/2010 16:12:52,EDB0714,PC-6103,Disconnect
10/12/2010 08:28:14,EDB0714,PC-6103,Connect
10/12/2010 09:30:02,EDB0714,PC-6103,Disconnect
10/13/2010 14:07:37,EDB0714,PC-6103,Connect
10/13/2010 14:39:45,EDB0714,PC-6103,Disconnect
10/14/2010 10:27:24,EDB0714,PC-6103,Connect
10/14/2010 11:18:44,EDB0714,PC-6103,Disconnect
10/14/2010 12:03:16,EDB0714,PC-6103,Connect
10/14/2010 12:05:09,EDB0714,PC-6103,Disconnect
10/15/2010 13:39:42,EDB0714,PC-6103,Connect
10/15/2010 14:34:03,EDB0714,PC-6103,Disconnect
10/18/2010 08:47:29,EDB0714,PC-6103,Connect
10/18/2010 09:16:10,EDB0714,PC-6103,Disconnect
10/18/2010 11:01:50,EDB0714,PC-6103,Connect
10/18/2010 11:19:14,EDB0714,PC-6103,Disconnect
10/18/2010 12:15:50,EDB0714,PC-6103,Connect
10/18/2010 12:21:09,EDB0714,PC-6103,Disconnect
10/19/2010 12:08:48,EDB0714,PC-6103,Connect
10/19/2010 12:22:58,EDB0714,PC-6103,Disconnect
10/19/2010 14:53:42,EDB0714,PC-6103,Connect
10/19/2010 15:11:16,EDB0714,PC-6103,Disconnect
10/20/2010 14:00:32,EDB0714,PC-6103,Connect
10/20/2010 14:05:56,EDB0714,PC-6103,Disconnect
10/20/2010 14:15:03,EDB0714,PC-6103,Connect
10/20/2010 14:44:52,EDB0714,PC-6103,Disconnect
10/20/2010 15:41:56,EDB0714,PC-6103,Connect
10/20/2010 16:33:17,EDB0714,PC-6103,Disconnect
10/21/2010 08:54:32,EDB0714,PC-6103,Connect
10/21/2010 08:58:59,EDB0714,PC-6103,Disconnect
10/21/2010 12:15:39,EDB0714,PC-6103,Connect
10/21/2010 12:51:55,EDB0714,PC-6103,Disconnect
10/21/2010 14:55:49,EDB0714,PC-6103,Connect
10/21/2010 15:38:54,EDB0714,PC-6103,Disconnect
10/22/2010 11:15:26,EDB0714,PC-6103,Connect
10/22/2010 11:31:03,EDB0714,PC-6103,Disconnect
10/22/2010 12:02:57,EDB0714,PC-6103,Connect
10/22/2010 12:07:55,EDB0714,PC-6103,Disconnect
10/25/2010 10:12:45,EDB0714,PC-6103,Connect
10/25/2010 10:51:40,EDB0714,PC-6103,Disconnect
10/26/2010 11:17:31,EDB0714,PC-6103,Connect
10/26/2010 11:19:12,EDB0714,PC-6103,Disconnect
10/26/2010 11:22:31,EDB0714,PC-6103,Connect
10/26/2010 11:23:27,EDB0714,PC-6103,Disconnect
10/27/2010 14:48:15,EDB0714,PC-6103,Connect
10/27/2010 14:50:32,EDB0714,PC-6103,Disconnect
10/29/2010 08:48:50,EDB0714,PC-6103,Connect
10/29/2010 10:23:01,EDB0714,PC-6103,Disconnect
10/29/2010 13:55:11,EDB0714,PC-6103,Connect
10/29/2010 14:20:56,EDB0714,PC-6103,Disconnect
11/01/2010 09:34:16,EDB0714,PC-6103,Connect
11/01/2010 10:19:04,EDB0714,PC-6103,Disconnect
11/01/2010 12:31:34,EDB0714,PC-6103,Connect
11/01/2010 12:33:10,EDB0714,PC-6103,Disconnect
11/02/2010 13:18:50,EDB0714,PC-6103,Connect
11/02/2010 14:00:27,EDB0714,PC-6103,Disconnect
11/03/2010 09:26:01,EDB0714,PC-6103,Connect
11/03/2010 09:43:33,EDB0714,PC-6103,Disconnect
11/05/2010 08:48:15,EDB0714,PC-6103,Connect
11/05/2010 09:02:26,EDB0714,PC-6103,Disconnect
11/05/2010 14:39:57,EDB0714,PC-6103,Connect
11/05/2010 15:25:16,EDB0714,PC-6103,Disconnect
11/08/2010 12:49:04,EDB0714,PC-6103,Connect
11/08/2010 12:56:18,EDB0714,PC-6103,Disconnect
11/09/2010 09:24:13,EDB0714,PC-6103,Connect
11/09/2010 09:47:35,EDB0714,PC-6103,Disconnect
11/10/2010 10:31:57,EDB0714,PC-6103,Connect
11/10/2010 12:01:00,EDB0714,PC-6103,Disconnect
11/10/2010 13:08:28,EDB0714,PC-6103,Connect
11/10/2010 14:59:07,EDB0714,PC-6103,Disconnect
11/12/2010 11:09:23,EDB0714,PC-6103,Connect
11/12/2010 11:10:30,EDB0714,PC-6103,Disconnect
11/12/2010 12:22:02,EDB0714,PC-6103,Connect
11/12/2010 12:38:24,EDB0714,PC-6103,Disconnect
11/12/2010 14:44:03,EDB0714,PC-6103,Connect
11/12/2010 14:54:00,EDB0714,PC-6103,Disconnect
11/15/2010 12:18:50,EDB0714,PC-6103,Connect
11/15/2010 12:22:46,EDB0714,PC-6103,Disconnect
11/15/2010 13:27:52,EDB0714,PC-6103,Connect
11/15/2010 14:26:24,EDB0714,PC-6103,Disconnect
11/15/2010 16:05:54,EDB0714,PC-6103,Connect
11/15/2010 16:56:32,EDB0714,PC-6103,Disconnect
11/16/2010 08:57:03,EDB0714,PC-6103,Connect
11/16/2010 09:30:01,EDB0714,PC-6103,Disconnect
11/16/2010 10:00:31,EDB0714,PC-6103,Connect
11/16/2010 10:33:05,EDB0714,PC-6103,Disconnect
11/16/2010 10:44:34,EDB0714,PC-6103,Connect
11/16/2010 11:02:13,EDB0714,PC-6103,Disconnect
11/16/2010 13:08:31,EDB0714,PC-6103,Connect
11/16/2010 13:51:06,EDB0714,PC-6103,Disconnect
11/16/2010 14:53:01,EDB0714,PC-6103,Connect
11/16/2010 15:02:52,EDB0714,PC-6103,Disconnect
11/16/2010 15:43:38,EDB0714,PC-6103,Connect
11/16/2010 16:08:46,EDB0714,PC-6103,Disconnect
11/17/2010 08:12:00,EDB0714,PC-6103,Connect
11/17/2010 08:58:34,EDB0714,PC-6103,Disconnect
11/17/2010 11:15:31,EDB0714,PC-6103,Connect
11/17/2010 11:20:35,EDB0714,PC-6103,Disconnect
11/18/2010 10:16:56,EDB0714,PC-6103,Connect
11/18/2010 10:21:53,EDB0714,PC-6103,Disconnect
11/18/2010 10:43:20,EDB0714,PC-6103,Connect
11/18/2010 10:49:55,EDB0714,PC-6103,Disconnect
11/18/2010 12:10:02,EDB0714,PC-6103,Connect
11/18/2010 12:11:52,EDB0714,PC-6103,Disconnect
11/18/2010 13:02:22,EDB0714,PC-6103,Connect
11/18/2010 13:31:35,EDB0714,PC-6103,Disconnect
11/18/2010 13:32:39,EDB0714,PC-6103,Connect
11/18/2010 13:43:54,EDB0714,PC-6103,Disconnect
11/18/2010 14:10:39,EDB0714,PC-6103,Connect
11/18/2010 14:15:14,EDB0714,PC-6103,Disconnect
11/19/2010 12:33:19,EDB0714,PC-6103,Connect
11/19/2010 13:19:19,EDB0714,PC-6103,Disconnect
11/19/2010 15:38:29,EDB0714,PC-6103,Connect
11/19/2010 16:14:07,EDB0714,PC-6103,Disconnect
11/22/2010 07:57:22,EDB0714,PC-6103,Connect
11/22/2010 08:35:12,EDB0714,PC-6103,Disconnect
11/22/2010 10:28:21,EDB0714,PC-6103,Connect
11/22/2010 11:03:08,EDB0714,PC-6103,Disconnect
11/22/2010 11:40:38,EDB0714,PC-6103,Connect
11/22/2010 11:40:41,EDB0714,PC-6103,Disconnect
11/22/2010 12:01:14,EDB0714,PC-6103,Connect
11/22/2010 12:19:27,EDB0714,PC-6103,Disconnect
11/22/2010 12:59:26,EDB0714,PC-6103,Connect
11/22/2010 14:02:12,EDB0714,PC-6103,Disconnect
11/22/2010 14:04:01,EDB0714,PC-6103,Connect
11/22/2010 14:21:51,EDB0714,PC-6103,Disconnect
11/23/2010 12:28:01,EDB0714,PC-6103,Connect
11/23/2010 12:36:36,EDB0714,PC-6103,Disconnect
11/23/2010 12:47:27,EDB0714,PC-6103,Connect
11/23/2010 13:17:09,EDB0714,PC-6103,Disconnect
11/23/2010 14:42:00,EDB0714,PC-6103,Connect
11/23/2010 15:06:22,EDB0714,PC-6103,Disconnect
11/24/2010 08:12:01,EDB0714,PC-6103,Connect
11/24/2010 08:25:05,EDB0714,PC-6103,Disconnect
11/24/2010 09:17:06,EDB0714,PC-6103,Connect
11/24/2010 09:36:03,EDB0714,PC-6103,Disconnect
11/24/2010 11:23:54,EDB0714,PC-6103,Connect
11/24/2010 11:38:46,EDB0714,PC-6103,Disconnect
11/24/2010 11:50:08,EDB0714,PC-6103,Connect
11/24/2010 11:55:53,EDB0714,PC-6103,Disconnect
11/24/2010 15:11:31,EDB0714,PC-6103,Connect
11/24/2010 15:34:20,EDB0714,PC-6103,Disconnect
11/24/2010 15:56:18,EDB0714,PC-6103,Connect
11/24/2010 15:59:18,EDB0714,PC-6103,Disconnect
11/29/2010 10:03:29,EDB0714,PC-6103,Connect
11/29/2010 10:06:07,EDB0714,PC-6103,Disconnect
11/29/2010 10:53:34,EDB0714,PC-6103,Connect
11/29/2010 11:12:36,EDB0714,PC-6103,Disconnect
11/29/2010 13:55:09,EDB0714,PC-6103,Connect
11/29/2010 14:02:23,EDB0714,PC-6103,Disconnect
11/29/2010 15:20:59,EDB0714,PC-6103,Connect
11/29/2010 15:32:38,EDB0714,PC-6103,Disconnect
11/30/2010 08:44:52,EDB0714,PC-6103,Connect
11/30/2010 09:53:11,EDB0714,PC-6103,Disconnect
11/30/2010 11:20:30,EDB0714,PC-6103,Connect
11/30/2010 11:45:49,EDB0714,PC-6103,Disconnect
11/30/2010 13:00:08,EDB0714,PC-6103,Connect
11/30/2010 13:14:57,EDB0714,PC-6103,Disconnect
11/30/2010 14:01:19,EDB0714,PC-6103,Connect
11/30/2010 14:03:09,EDB0714,PC-6103,Disconnect
11/30/2010 14:19:54,EDB0714,PC-6103,Connect
11/30/2010 14:58:16,EDB0714,PC-6103,Disconnect
12/01/2010 07:53:51,EDB0714,PC-6103,Connect
12/01/2010 08:49:46,EDB0714,PC-6103,Disconnect
12/01/2010 10:58:54,EDB0714,PC-6103,Connect
12/01/2010 11:02:04,EDB0714,PC-6103,Disconnect
12/01/2010 12:38:48,EDB0714,PC-6103,Connect
12/01/2010 13:13:01,EDB0714,PC-6103,Disconnect
12/01/2010 13:24:34,EDB0714,PC-6103,Connect
12/01/2010 13:28:45,EDB0714,PC-6103,Disconnect
12/02/2010 12:04:05,EDB0714,PC-6103,Connect
12/02/2010 12:05:10,EDB0714,PC-6103,Disconnect
12/02/2010 12:31:20,EDB0714,PC-6103,Connect
12/02/2010 12:43:35,EDB0714,PC-6103,Disconnect
12/02/2010 13:46:57,EDB0714,PC-6103,Connect
12/02/2010 14:14:41,EDB0714,PC-6103,Disconnect
12/02/2010 14:47:28,EDB0714,PC-6103,Connect
12/02/2010 14:52:34,EDB0714,PC-6103,Disconnect
12/03/2010 08:03:33,EDB0714,PC-6103,Connect
12/03/2010 08:15:33,EDB0714,PC-6103,Disconnect
12/03/2010 10:16:10,EDB0714,PC-6103,Connect
12/03/2010 10:24:43,EDB0714,PC-6103,Disconnect
12/03/2010 12:09:19,EDB0714,PC-6103,Connect
12/03/2010 12:20:20,EDB0714,PC-6103,Disconnect
12/03/2010 13:54:20,EDB0714,PC-6103,Connect
12/03/2010 14:07:57,EDB0714,PC-6103,Disconnect
12/03/2010 15:40:39,EDB0714,PC-6103,Connect
12/03/2010 16:43:53,EDB0714,PC-6103,Disconnect
12/06/2010 11:16:02,EDB0714,PC-6103,Connect
12/06/2010 12:19:12,EDB0714,PC-6103,Disconnect
12/06/2010 16:08:45,EDB0714,PC-6103,Connect
12/06/2010 16:30:46,EDB0714,PC-6103,Disconnect
12/07/2010 10:27:55,EDB0714,PC-6103,Connect
12/07/2010 10:48:00,EDB0714,PC-6103,Disconnect
12/07/2010 10:49:08,EDB0714,PC-6103,Connect
12/07/2010 11:28:18,EDB0714,PC-6103,Disconnect
12/07/2010 11:41:23,EDB0714,PC-6103,Connect
12/07/2010 11:42:13,EDB0714,PC-6103,Disconnect
12/08/2010 10:42:18,EDB0714,PC-6103,Connect
12/08/2010 11:28:29,EDB0714,PC-6103,Disconnect
12/08/2010 12:57:34,EDB0714,PC-6103,Connect
12/08/2010 13:09:12,EDB0714,PC-6103,Disconnect
12/09/2010 09:25:41,EDB0714,PC-6103,Connect
12/09/2010 09:53:30,EDB0714,PC-6103,Disconnect
12/09/2010 10:46:01,EDB0714,PC-6103,Connect
12/09/2010 12:20:49,EDB0714,PC-6103,Disconnect
12/09/2010 14:31:54,EDB0714,PC-6103,Connect
12/09/2010 14:38:06,EDB0714,PC-6103,Disconnect
12/10/2010 09:19:02,EDB0714,PC-6103,Connect
12/10/2010 09:28:04,EDB0714,PC-6103,Disconnect
12/13/2010 08:39:41,EDB0714,PC-6103,Connect
12/13/2010 09:18:20,EDB0714,PC-6103,Disconnect
12/13/2010 13:55:35,EDB0714,PC-6103,Connect
12/13/2010 14:02:15,EDB0714,PC-6103,Disconnect
12/13/2010 15:52:48,EDB0714,PC-6103,Connect
12/13/2010 16:25:53,EDB0714,PC-6103,Disconnect
12/14/2010 12:58:47,EDB0714,PC-6103,Connect
12/14/2010 13:08:48,EDB0714,PC-6103,Disconnect
12/14/2010 13:11:43,EDB0714,PC-6103,Connect
12/14/2010 13:22:09,EDB0714,PC-6103,Disconnect
12/14/2010 13:25:06,EDB0714,PC-6103,Connect
12/14/2010 13:25:26,EDB0714,PC-6103,Disconnect
12/14/2010 13:29:18,EDB0714,PC-6103,Connect
12/14/2010 13:29:42,EDB0714,PC-6103,Disconnect
12/14/2010 13:38:58,EDB0714,PC-6103,Connect
12/14/2010 13:56:33,EDB0714,PC-6103,Disconnect
12/14/2010 14:09:56,EDB0714,PC-6103,Connect
12/14/2010 14:17:02,EDB0714,PC-6103,Disconnect
12/15/2010 12:39:41,EDB0714,PC-6103,Connect
12/15/2010 13:04:08,EDB0714,PC-6103,Disconnect
12/15/2010 15:56:04,EDB0714,PC-6103,Connect
12/15/2010 15:59:32,EDB0714,PC-6103,Disconnect
